Observation Time,Maximum Category,Path Length (miles),Path Width (yards),Injuries,Fatalities,Monetary Loss,Origin Latitude,Origin Longitude,Track End Latitude,Track End Longitude,Affected Counties
2/23/1980 17:00,F-0,0.1,10,0,0,$0 or unknown,35.62,-77.6,0,0,Pitt County NC
2/25/1980 16:15,F-0,0.1,10,0,0,"$2,000 ",35.02,-78.57,0,0,Clay County NC
3/24/1980 22:25,F-1,1.2,150,0,0,"$5,000 ",36.27,-77.28,0,0,Northampton County NC
4/9/1980 0:15,F-1,1.9,37,0,0,"$5,000 ",36.15,-80.3,36.15,-80.27,Forsyth County NC
4/27/1980 11:15,F-0,0.1,10,0,0,$0 or unknown,34.13,-78.1,0,0,Brunswick County NC
5/18/1980 1:40,F-2,3.3,50,0,0,"$5,000 ",35.1,-80.43,35.12,-80.38,Union County NC
5/20/1980 13:42,F-1,0.2,10,0,0,"$4,000 ",34.48,-79.08,0,0,Robeson County NC
5/20/1980 17:30,F-1,0.5,200,0,0,"$4,000 ",35.47,-77.05,0,0,Beaufort County NC
6/26/1980 13:15,F-0,0.1,10,0,0,$0 or unknown,35.35,-77.97,0,0,Wayne County NC
7/3/1980 16:39,F-0,0.1,10,0,0,$0 or unknown,35.45,-77.97,0,0,Wayne County NC
7/10/1980 17:32,F-1,0.2,50,0,0,"$3,000 ",34.97,-78.53,0,0,Sampson County NC
8/1/1980 16:44,F-0,0.1,10,0,0,"$2,000 ",34.95,-78.53,0,0,Sampson County NC
10/3/1980 15:30,F-1,1.5,500,0,0,"$4,000 ",35.55,-77.03,0,0,Beaufort County NC
2/11/1981 1:45,F-2,5.2,700,0,0,"$6,000 ",35.08,-79.5,35.13,-79.43,Moore County NC
2/11/1981 1:55,F-2,7.6,800,0,0,"$5,000 ",35.2,-79.38,35.25,-79.27,Moore County NC
2/11/1981 2:30,F-2,12.4,847,0,1,"$5,000 ",34.98,-79.08,35.07,-78.9,Hoke County NC; Cumberland County NC
2/11/1981 3:05,F-2,1.9,800,2,0,"$5,000 ",35.78,-78.5,0,0,Wake County NC
2/11/1981 3:36,F-2,3.3,800,0,0,"$6,000 ",35.93,-78.15,35.95,-78.1,Nash County NC
3/30/1981 16:45,F-2,7.7,83,1,1,"$5,000 ",36.5,-77.07,36.53,-76.93,Hertford County NC
6/6/1981 18:40,F-2,9.4,17,1,0,"$5,000 ",36.07,-80.23,36.17,-80.12,Forsyth County NC
6/6/1981 19:00,F-1,3.6,30,0,0,"$5,000 ",36.35,-78.95,36.35,-78.88,Person County NC
7/4/1981 2:19,F-1,0.1,10,0,0,"$4,000 ",35.2,-77.78,0,0,Lenoir County NC
9/15/1981 16:00,F-2,1.3,33,0,0,"$5,000 ",36.47,-77.55,0,0,Northampton County NC
4/27/1982 0:45,F-2,0.1,27,1,0,"$4,000 ",35.22,-80.12,0,0,Stanly County NC
6/3/1982 17:52,F-0,0.1,10,0,0,"$1,000 ",36.22,-80.28,0,0,Forsyth County NC
6/5/1982 16:30,F-1,1,10,0,0,"$4,000 ",34.73,-79.88,0,0,Duplin County NC
6/10/1982 5:30,F-1,0.5,17,1,0,"$4,000 ",35.2,-79.32,0,0,Moore County NC
6/13/1982 14:10,F-1,0.3,13,0,1,"$4,000 ",35.83,-78.32,0,0,Wake County NC
6/16/1982 12:20,F-2,5,100,0,0,"$5,000 ",35.53,-78.82,35.58,-78.75,Harnett County NC; Wake County NC
6/16/1982 17:30,F-1,6,100,0,0,"$3,000 ",35.17,-79.37,35.23,-79.28,Moore County NC
8/25/1982 16:00,F-0,0.1,10,0,0,"$3,000 ",35.68,-75.48,0,0,Dare County NC
9/18/1982 18:05,F-1,0.5,10,0,0,"$4,000 ",35.5,-80.98,0,0,Catawba County NC
9/26/1982 6:30,F-2,1,17,0,0,"$4,000 ",34.4,-77.47,0,0,Pender County NC
9/26/1982 14:40,F-1,2,33,0,0,"$4,000 ",35.9,-77.2,0,0,Martin County NC
9/28/1982 20:25,F-2,0.3,33,2,0,"$5,000 ",36,-75.7,0,0,Dare County NC
3/5/1983 19:00,F-1,0.2,33,0,0,"$4,000 ",36.03,-81.18,0,0,Forsyth County NC
3/6/1983 18:20,F-2,2,33,9,0,"$6,000 ",34.98,-80.55,0,0,Union County NC
3/6/1983 18:30,F-0,0.1,17,0,0,"$3,000 ",35.83,-80.67,0,0,Davie County NC
3/8/1983 17:00,F-0,0.1,17,0,0,"$2,000 ",35.9,-79.97,0,0,Randolph County NC
3/18/1983 12:40,F-2,3,17,0,0,"$5,000 ",35.92,-76.83,35.83,-76.83,Nash County NC
3/21/1983 6:00,F-0,0.1,17,0,0,"$4,000 ",35.17,-76.83,0,0,Pamlico County NC
3/21/1983 6:10,F-1,12,33,0,0,"$5,000 ",35.58,-76.5,35.63,-76.3,Hyde County NC
5/16/1983 14:00,F-2,2,100,1,0,"$5,000 ",36.33,-76.97,0,0,Hertford County NC
5/16/1983 15:00,F-2,0.5,17,3,0,"$4,000 ",36.42,-76.33,0,0,Pasquotank County NC
5/16/1983 16:25,F-2,7,100,5,0,"$5,000 ",35.83,-76.8,35.83,-76.67,Tyrrell County NC; Washington County NC
5/26/1983 15:25,F-1,0.1,17,0,0,"$4,000 ",35.92,-79.67,0,0,Alamance County NC
6/7/1983 20:45,F-2,6,450,0,0,"$5,000 ",34.37,-78.85,34.43,-78.77,Columbus County NC
7/22/1983 16:35,F-1,0.1,10,0,0,"$5,000 ",36.17,-80.17,0,0,Forsyth County NC
8/9/1983 16:20,F-1,2.5,80,0,0,"$5,000 ",35.97,-76.92,0,0,Bertie County NC
8/23/1983 17:10,F-1,4,100,0,0,"$6,000 ",35.48,-80.48,35.4,-80.45,Cabarrus County NC
3/28/1984 17:10,F-1,0.3,33,0,0,"$4,000 ",35.13,-80.55,0,0,Union County NC
3/28/1984 18:25,F-4,35,2640,280,2,"$6,000 ",34.67,-79.5,34.93,-78.88,Scotland County NC; Robeson County NC; Cumberland County NC
3/28/1984 18:45,F-3,40,1407,101,12,"$7,000 ",34.83,-78.87,35.17,-78.18,Bladen County NC; Cumberland County NC; Sampson County NC
3/28/1984 19:10,F-2,2,177,0,0,"$6,000 ",35.95,-77.83,0,0,Nash County NC
3/28/1984 19:15,F-4,21,1407,149,3,"$7,000 ",35.05,-78.25,35.27,-77.93,Sampson County NC; Duplin County NC; Wayne County NC
3/28/1984 19:30,F-3,9,527,81,0,"$7,000 ",35.2,-77.9,35.32,-77.78,Wayne County NC; Lenoir County NC
3/28/1984 19:45,F-4,28,1223,153,16,"$7,000 ",35.33,-77.78,35.68,-77.2,Lenoir County NC; Greene County NC; Pitt County NC
3/28/1984 19:55,F-3,6,880,19,6,"$6,000 ",36.13,-77.2,36.2,-77.1,Bertie County NC
3/28/1984 20:10,F-2,5,527,7,0,"$7,000 ",36.23,-77,36.3,-76.88,Bertie County NC; Hertford County NC
3/28/1984 20:20,F-1,1,177,0,0,"$6,000 ",36.33,-76.8,0,0,Hertford County NC
3/28/1984 20:30,F-3,14,880,10,2,"$6,000 ",36.37,-76.7,36.47,-76.5,Gates County NC
3/28/1984 20:45,F-2,9,353,0,0,"$6,000 ",34.15,-78.88,34.25,-78.73,Columbus County NC
3/28/1984 21:15,F-2,6,177,1,1,"$5,000 ",36.07,-76.58,36.1,-76.5,Chowan County NC; Perquimans County NC
4/4/1984 18:00,F-2,1.7,67,4,0,"$6,000 ",36.02,-78.88,0,0,Durham County NC
4/14/1984 14:55,F-1,0.1,10,0,0,"$4,000 ",36.37,-80.62,0,0,Surry County NC
4/14/1984 17:20,F-1,0.1,50,0,0,"$4,000 ",34.6,-79.42,0,0,Scotland County NC
4/15/1984 15:50,F-1,0.1,83,0,0,"$5,000 ",35.6,-77.03,0,0,Beaufort County NC
4/15/1984 16:35,F-1,0.6,10,0,0,"$4,000 ",35.73,-76.8,0,0,Washington County NC
5/3/1984 15:45,F-1,14,100,0,0,"$5,000 ",35.1,-80.95,35.28,-80.83,Mecklenburg County NC
5/8/1984 14:35,F-1,0.3,50,0,0,"$5,000 ",36.22,-78.3,0,0,Franklin County NC
5/28/1984 17:45,F-0,0.1,50,0,0,"$3,000 ",36.38,-80.25,0,0,Stokes County NC
6/20/1984 13:00,F-0,0.3,100,0,0,"$5,000 ",35.22,-82.73,0,0,Transylvania County NC
9/13/1984 8:15,F-0,0.1,10,0,0,$0 or unknown,35.87,-77.83,0,0,Nash County NC
5/22/1985 16:30,F-3,3.5,200,0,0,"$6,000 ",36.1,-80.27,36.07,-80.22,Forsyth County NC
5/23/1985 14:08,F-0,0.5,50,0,0,"$3,000 ",35.83,-75.63,0,0,Dare County NC
6/6/1985 16:20,F-0,1,267,0,0,"$5,000 ",35.2,-80.83,0,0,Mecklenburg County NC
8/17/1985 22:45,F-0,4,100,0,0,"$4,000 ",35.57,-79.47,35.63,-79.47,Chatham County NC
8/18/1985 13:45,F-1,0.2,150,0,0,"$4,000 ",35.08,-77.75,0,0,Duplin County NC
8/18/1985 16:00,F-0,0.2,50,7,0,"$5,000 ",36.47,-77.5,0,0,Northampton County NC
11/4/1985 8:12,F-0,0.2,20,0,0,"$3,000 ",35.12,-75.98,0,0,Hyde County NC
11/4/1985 9:30,F-0,0.2,20,0,0,"$3,000 ",35.2,-75.7,0,0,Dare County NC
3/14/1986 7:50,F-0,0.5,100,0,0,"$4,000 ",34.57,-77.38,0,0,Onslow County NC
3/14/1986 9:40,F-1,1.2,100,0,0,"$4,000 ",34.72,-77.23,0,0,Onslow County NC
3/14/1986 15:55,F-1,0.5,50,0,0,"$4,000 ",35.95,-78.58,0,0,Wake County NC
5/19/1986 14:00,F-2,19,100,5,0,"$5,000 ",34.87,-79.22,35.05,-79.03,Hoke County NC; Cumberland County NC
6/17/1986 14:30,F-0,0.2,13,0,0,"$3,000 ",35.45,-76.17,0,0,Hyde County NC
6/17/1986 14:45,F-2,0.5,60,0,0,"$5,000 ",35.45,-76.17,0,0,Hyde County NC
6/20/1986 12:15,F-0,2,100,0,0,"$3,000 ",35.83,-75.63,0,0,Dare County NC
6/20/1986 12:35,F-0,0.5,50,0,0,$0 or unknown,35.5,-75.9,0,0,Hyde County NC
6/20/1986 12:46,F-0,0.2,23,0,0,$0 or unknown,35.5,-75.48,0,0,Dare County NC
6/28/1986 12:20,F-0,1,37,0,0,$0 or unknown,36.4,-76.75,0,0,Gates County NC
6/28/1986 13:19,F-1,1,50,0,0,"$4,000 ",36.18,-76.68,0,0,Chowan County NC
7/1/1986 13:35,F-1,5,150,0,0,"$4,000 ",35.38,-79.05,35.38,-78.95,Harnett County NC
7/1/1986 14:16,F-0,0.2,23,0,0,"$3,000 ",35.52,-78.77,0,0,Harnett County NC
7/2/1986 18:30,F-2,1.5,33,10,3,"$5,000 ",34.75,-77.42,0,0,Onslow County NC
8/20/1986 9:56,F-2,1,23,0,0,"$5,000 ",35.43,-77.93,0,0,Wayne County NC
8/20/1986 12:45,F-0,0.1,13,0,0,$0 or unknown,36.18,-76.88,0,0,Bertie County NC
3/31/1987 4:32,F-2,10,440,7,0,"$6,000 ",35.22,-75.55,35.37,-75.52,Dare County NC
9/13/1987 7:30,F-1,0.2,20,0,0,"$5,000 ",34.7,-76.73,0,0,Carteret County NC
11/10/1987 10:45,F-0,0.5,20,0,0,"$4,000 ",34.77,-77.38,0,0,Onslow County NC
11/10/1987 12:15,F-0,2,20,0,0,"$5,000 ",34.72,-76.7,0,0,Carteret County NC
3/26/1988 15:32,F-0,0.2,50,0,0,"$2,000 ",36.32,-76.62,0,0,Chowan County NC
3/26/1988 19:55,F-0,0.2,13,0,0,$0 or unknown,35.58,-78.9,0,0,Wake County NC
4/19/1988 12:10,F-1,0.6,100,0,0,"$4,000 ",35.08,-76.72,0,0,Pamlico County NC
5/19/1988 19:45,F-0,0.4,50,0,0,"$3,000 ",35.12,-79.35,0,0,Hoke County NC
5/24/1988 14:00,F-1,0.3,50,0,0,"$4,000 ",34.98,-80.57,0,0,Union County NC
6/9/1988 13:39,F-1,0.3,73,0,0,$0 or unknown,35.42,-80,0,0,Montgomery County NC
6/9/1988 16:02,F-1,0.3,73,2,0,"$6,000 ",34.9,-77.53,0,0,Onslow County NC
8/28/1988 12:50,F-1,0.5,73,0,0,"$5,000 ",35.78,-80.9,0,0,Iredell County NC
8/28/1988 14:05,F-1,0.3,40,0,0,"$5,000 ",35.22,-78.9,0,0,Cumberland County NC
8/28/1988 22:30,F-1,0.5,50,1,0,"$5,000 ",36.38,-78.58,0,0,Granville County NC
10/2/1988 10:15,F-0,0.5,60,0,0,"$3,000 ",35.47,-81.45,0,0,Lincoln County NC
11/5/1988 10:15,F-2,2,50,1,0,"$5,000 ",36.3,-76.22,0,0,Pasquotank County NC
11/5/1988 10:30,F-1,1.5,20,0,0,"$5,000 ",36.52,-76.17,0,0,Currituck County NC
11/17/1988 7:00,F-2,9,50,1,0,"$5,000 ",35.88,-76.4,35.93,-76.25,Washington County NC; Tyrrell County NC
11/27/1988 23:00,F-4,83,400,154,4,"$8,000 ",35.87,-78.75,36.45,-77.42,Wake County NC; Franklin County NC; Nash County NC; Halifax County NC
11/28/1988 1:00,F-2,3,100,0,0,"$5,000 ",36.5,-77.32,36.55,-77.27,Northampton County NC
11/28/1988 2:09,F-1,4,50,1,0,"$5,000 ",35.52,-76.23,35.57,-76.18,Hyde County NC
11/28/1988 2:30,F-1,30,100,5,0,"$6,000 ",35.03,-76.72,35.22,-76.57,Pamlico County NC
11/28/1988 3:41,F-0,1,50,0,0,"$5,000 ",35.9,-75.67,0,0,Dare County NC
2/21/1989 11:00,F-1,2,100,0,0,"$5,000 ",34.85,-77.58,0,0,Onslow County NC
2/21/1989 12:10,F-1,0.5,20,0,0,$0 or unknown,36.02,-76.57,0,0,Chowan County NC
3/20/1989 5:15,F-2,0.2,100,0,0,"$5,000 ",34.7,-76.55,0,0,Carteret County NC
3/30/1989 14:45,F-2,22,100,11,0,"$6,000 ",36.37,-77.47,36.48,-77.13,Northampton County NC
5/5/1989 16:35,F-4,6,400,0,0,"$5,000 ",35.18,-81.8,35.25,-81.82,Rutherford County NC
5/5/1989 16:54,F-4,14,800,52,4,"$7,000 ",35.47,-81.58,35.68,-81.42,Cleveland County NC; Lincoln County NC; Catawba County NC
5/5/1989 17:20,F-2,8.7,100,0,0,"$7,000 ",35.92,-78.97,36.03,-78.9,Durham County NC
5/5/1989 17:28,F-2,15,73,0,0,"$5,000 ",35.95,-81.68,36.02,-81.42,Caldwell County NC
5/5/1989 17:43,F-2,0.5,100,8,0,"$6,000 ",36.02,-80.38,0,0,Forsyth County NC
5/5/1989 17:50,F-3,10.5,200,30,0,"$7,000 ",36.1,-80.25,36.22,-80.1,Forsyth County NC
5/5/1989 18:00,F-1,0.3,30,0,0,"$5,000 ",35.3,-80.3,0,0,Stanly County NC
5/5/1989 18:01,F-4,13,500,6,1,"$7,000 ",34.98,-80.73,35.1,-80.55,Union County NC
5/5/1989 18:05,F-2,5.5,100,10,0,"$6,000 ",36.13,-80.22,36.2,-80.13,Forsyth County NC
5/5/1989 18:52,F-1,4.6,300,1,0,"$6,000 ",34.83,-80.1,34.88,-80.03,Anson County NC
6/4/1989 15:00,F-1,0.1,20,1,0,"$5,000 ",36.07,-75.7,0,0,Dare County NC
6/12/1989 16:50,F-1,0.2,30,0,0,"$4,000 ",35.42,-78.68,0,0,Harnett County NC
6/16/1989 10:40,F-1,0.1,30,0,0,"$5,000 ",35.53,-79.92,0,0,Randolph County NC
6/16/1989 11:23,F-1,0.5,10,0,0,"$4,000 ",35.7,-79.93,0,0,Randolph County NC
6/16/1989 15:08,F-1,1,10,0,0,"$6,000 ",35.23,-80.23,0,0,Stanly County NC
6/26/1989 14:50,F-1,0.2,30,0,0,"$5,000 ",35.97,-76.25,0,0,Tyrrell County NC
6/28/1989 14:15,F-1,0.1,23,0,0,$0 or unknown,35.8,-79.12,0,0,Chatham County NC
7/16/1989 7:35,F-1,0.1,30,0,0,"$4,000 ",36.02,-78.92,0,0,Durham County NC
9/23/1989 8:30,F-0,1.2,70,0,0,"$4,000 ",34.7,-76.73,0,0,Carteret County NC
1/29/1990 18:50,F-0,0.7,100,0,0,"$4,000 ",36.52,-77.75,0,0,Northampton County NC
2/10/1990 7:00,F-2,0.4,50,0,0,"$5,000 ",35.2,-81.55,0,0,Cleveland County NC
2/10/1990 12:20,F-1,15,70,0,0,"$5,000 ",36.23,-77.75,36.32,-77.62,Halifax County NC
2/10/1990 15:40,F-0,1,50,0,0,$0 or unknown,35.85,-75.67,0,0,Dare County NC
4/10/1990 18:50,F-0,0.2,30,0,0,"$4,000 ",35.25,-81.68,0,0,Cleveland County NC
5/5/1990 12:45,F-1,1,300,0,0,"$3,000 ",34,-78.35,0,0,Brunswick County NC
5/13/1990 12:22,F-0,0.2,30,0,0,"$4,000 ",36.37,-77.17,0,0,Northampton County NC
5/29/1990 2:33,F-1,0.5,50,1,0,$0 or unknown,35.23,-75.63,0,0,Dare County NC
6/29/1990 15:40,F-0,0.1,30,0,0,$0 or unknown,34.75,-77.43,0,0,Onslow County NC
7/1/1990 17:15,F-2,0.2,30,0,0,"$5,000 ",34.52,-78.45,0,0,Bladen County NC
9/15/1990 3:45,F-2,0.5,40,0,0,"$5,000 ",34.7,-76.55,0,0,Carteret County NC
10/18/1990 14:00,F-3,12,100,2,0,"$5,000 ",34.98,-80.68,35.02,-80.45,Union County NC
10/23/1990 1:00,F-0,0.5,73,0,0,"$3,000 ",34.98,-79.13,0,0,Hoke County NC
10/23/1990 1:15,F-1,1.5,100,0,0,"$4,000 ",35.5,-78.82,35.57,-78.78,Harnett County NC; Wake County NC
10/23/1990 6:23,F-1,0.7,100,0,0,"$4,000 ",34.78,-76.85,0,0,Carteret County NC
11/10/1990 3:40,F-2,12,40,1,0,"$5,000 ",35.23,-75.63,35.37,-75.47,Dare County NC
11/28/1990 18:40,F-1,0.1,20,0,0,"$4,000 ",35.23,-80.85,0,0,Mecklenburg County NC
3/2/1991 5:15,F-0,0.2,30,0,0,$0 or unknown,36.45,-76.33,0,0,Camden County NC
3/3/1991 9:24,F-0,0.5,50,0,0,$0 or unknown,34.18,-78.85,0,0,Columbus County NC
3/3/1991 9:47,F-1,1.5,73,3,0,"$5,000 ",34.32,-78.92,0,0,Columbus County NC
3/29/1991 13:45,F-2,28,300,0,0,"$6,000 ",35.63,-80.02,35.85,-79.58,Randolph County NC
3/29/1991 13:50,F-1,2,80,0,0,"$6,000 ",35.37,-80.22,0,0,Stanly County NC
3/29/1991 14:30,F-2,26,300,0,0,"$5,000 ",35.7,-79.47,35.88,-79.05,Chatham County NC; Orange County NC
3/29/1991 14:33,F-1,1,150,2,0,"$5,000 ",35.35,-79.7,35.43,-79.53,Moore County NC
3/29/1991 15:05,F-1,8,80,1,0,"$5,000 ",34.73,-79.55,34.78,-79.45,Scotland County NC
3/29/1991 15:22,F-0,0.5,10,0,0,"$3,000 ",36.5,-77.2,0,0,Northampton County NC
3/29/1991 16:10,F-1,0.5,70,1,0,"$4,000 ",36.17,-77.1,0,0,Bertie County NC
3/29/1991 16:30,F-1,1,80,0,0,"$4,000 ",36.28,-76.77,0,0,Hertford County NC
3/29/1991 16:45,F-1,0.5,200,0,0,"$4,000 ",36.07,-77.38,0,0,Halifax County NC
3/29/1991 18:30,F-1,12,100,33,0,"$6,000 ",35.07,-77.65,35.17,-77.48,Lenoir County NC; Jones County NC
4/16/1991 15:30,F-0,0.5,50,0,0,"$4,000 ",35.18,-83.93,0,0,Cherokee County NC
6/20/1991 18:45,F-0,0.1,10,0,0,$0 or unknown,34.72,-76.85,0,0,Carteret County NC
7/16/1991 10:27,F-0,0.2,10,0,0,$0 or unknown,34.23,-77.87,0,0,New Hanover County NC
8/2/1991 15:10,F-0,0.2,10,0,0,$0 or unknown,34.68,-77.6,0,0,Onslow County NC
8/2/1991 16:15,F-1,0.2,10,1,0,$0 or unknown,34.68,-77.6,0,0,Onslow County NC
8/2/1991 16:31,F-0,0.2,10,0,0,$0 or unknown,34.72,-77.45,0,0,Onslow County NC
8/18/1991 6:01,F-0,0.5,10,0,0,$0 or unknown,34.75,-77.48,0,0,Onslow County NC
8/18/1991 6:30,F-0,0.2,10,0,0,$0 or unknown,34.68,-78.05,0,0,Pender County NC
8/18/1991 18:00,F-1,0.1,20,0,0,"$3,000 ",35.53,-75.48,0,0,Dare County NC
8/20/1991 8:05,F-0,0.2,20,0,0,"$3,000 ",36.17,-76.32,0,0,Perquimans County NC
10/5/1991 11:30,F-0,0.5,20,0,0,"$3,000 ",35.7,-80.93,0,0,Iredell County NC
3/7/1992 14:28,F-0,0.1,80,0,0,"$3,000 ",35.58,-80.97,0,0,Catawba County NC
3/7/1992 14:41,F-1,4.5,150,0,0,"$5,000 ",35.53,-81,35.52,-80.9,Lincoln County NC; Iredell County NC
3/10/1992 19:10,F-0,0.2,30,0,0,"$4,000 ",35.93,-81.28,0,0,Alexander County NC
3/10/1992 20:07,F-2,3.4,180,18,0,"$6,000 ",35.12,-81,35.15,-80.95,Mecklenburg County NC
3/10/1992 20:55,F-1,0.5,30,3,0,"$4,000 ",35.37,-80.57,0,0,Cabarrus County NC
3/19/1992 13:15,F-0,0.2,30,0,0,"$3,000 ",35.58,-80.12,0,0,Davidson County NC
6/4/1992 15:02,F-0,0.2,200,0,0,"$4,000 ",35.25,-81.68,0,0,Cleveland County NC
6/21/1992 10:45,F-0,0.2,200,0,0,$0 or unknown,35.47,-76.42,0,0,Hyde County NC
7/6/1992 8:30,F-0,0.2,20,0,0,$0 or unknown,35.95,-75.62,0,0,Dare County NC
7/12/1992 14:30,F-0,0.2,20,0,0,"$3,000 ",36.22,-76.17,0,0,Pasquotank County NC
7/18/1992 14:45,F-0,0.2,20,0,0,"$3,000 ",36.22,-76.17,0,0,Pasquotank County NC
8/15/1992 5:10,F-1,0.7,70,0,0,$0 or unknown,36.4,-75.95,0,0,Currituck County NC
8/15/1992 5:20,F-0,0.5,30,0,0,$0 or unknown,36.55,-75.9,0,0,Currituck County NC
11/4/1992 13:00,F-0,0.1,10,0,0,$0 or unknown,35.85,-76.32,0,0,Tyrrell County NC
11/4/1992 14:15,F-0,0.2,10,0,0,$0 or unknown,34.85,-78.9,0,0,Cumberland County NC
11/4/1992 14:25,F-1,0.4,20,0,0,"$3,000 ",35.6,-78.28,0,0,Johnston County NC
11/4/1992 15:15,F-0,0.4,20,0,0,"$2,000 ",34.97,-79.45,0,0,Scotland County NC
11/4/1992 15:38,F-0,0.2,10,0,0,$0 or unknown,35.17,-79,0,0,Cumberland County NC
11/4/1992 16:49,F-0,0.2,10,0,0,$0 or unknown,35.17,-78.77,0,0,Cumberland County NC
11/4/1992 16:55,F-1,0.3,20,0,0,"$3,000 ",35.3,-78.68,0,0,Harnett County NC
11/4/1992 17:15,F-1,0.3,20,0,0,$0 or unknown,35.33,-78.35,0,0,Johnston County NC
11/4/1992 17:30,F-1,1.5,100,0,0,"$5,000 ",36.3,-77.05,0,0,Hertford County NC
11/4/1992 18:00,F-0,0.2,10,0,0,$0 or unknown,35.35,-77.98,0,0,Wayne County NC
11/4/1992 18:15,F-1,2,30,0,0,"$5,000 ",35.38,-78,0,0,Wayne County NC
11/22/1992 20:15,F-1,5,500,0,0,"$4,000 ",35.43,-81.58,35.52,-81.52,Cleveland County NC
11/22/1992 20:40,F-1,26,800,0,0,"$5,000 ",35.7,-81.12,35.93,-80.78,Catawba County NC; Iredell County NC
11/22/1992 21:20,F-1,31,800,13,0,"$5,000 ",36.07,-80.63,36.35,-80.22,Yadkin County NC; Forsyth County NC; Stokes County NC
11/23/1992 0:20,F-3,5.5,1200,10,2,"$5,000 ",36.08,-79.18,36.12,-79.07,Orange County NC
11/23/1992 2:10,F-3,160,100,44,0,"$6,000 ",35.47,-78.68,36.33,-76.23,Harnett County NC; Johnston County NC; Wilson County NC; Edgecombe County NC
3/27/1993 14:05,F-0,0.5,30,0,0,$0 or unknown,35.72,-78.77,0,0,Wake County NC
4/16/1993 7:00,F-0,0.2,10,0,0,"$5,000 ",36.52,-78.4,0,0,Vance County NC
5/19/1993 12:50,F-0,0.7,30,0,0,"$4,000 ",35.88,-75.65,0,0,Dare County NC
5/19/1993 13:10,F-0,0.2,10,0,0,$0 or unknown,35.57,-82.57,0,0,Buncombe County NC
6/4/1993 15:45,F-0,0.2,20,0,0,"$3,000 ",36.43,-78.4,0,0,Vance County NC
6/4/1993 17:00,F-1,5,30,0,0,"$5,000 ",35.9,-77.5,35.9,-77.38,Edgecombe County NC
6/4/1993 17:05,F-0,0.5,20,0,0,$0 or unknown,36.12,-77.18,0,0,Bertie County NC
7/20/1993 14:33,F-0,0.2,10,0,0,$0 or unknown,34.78,-76.82,0,0,Carteret County NC
8/2/1993 14:15,F-1,2.5,30,0,0,"$3,000 ",35.37,-77.47,0,0,Lenoir County NC
8/6/1993 1:30,F-1,1,30,0,0,"$5,000 ",35.3,-78.17,0,0,Wayne County NC
8/6/1993 12:00,F-1,0.5,20,0,0,"$4,000 ",35.6,-76.5,0,0,Hyde County NC
8/6/1993 12:10,F-1,0.7,30,0,0,"$5,000 ",35.42,-76.33,0,0,Hyde County NC
8/6/1993 12:45,F-0,0.2,20,0,0,"$3,000 ",35.5,-76,0,0,Hyde County NC
8/6/1993 13:30,F-1,0.5,10,0,0,"$4,000 ",35.58,-76.67,0,0,Beaufort County NC
9/27/1993 19:20,F-1,2,20,0,0,"$6,000 ",34.73,-76.73,0,0,Carteret County NC
1/28/1994 7:55,F-0,0.1,10,0,0,$0 or unknown,36.17,-79.17,0,0,Orange County NC
3/27/1994 15:17,F-2,20.5,100,13,0,"$6,000 ",35.18,-81.72,35.4,-81.23,Cleveland County NC; Gaston County NC
3/27/1994 17:30,F-3,18,200,1,0,"$5,000 ",35.18,-81,35.23,-80.77,Gaston County NC; Mecklenburg County NC
3/27/1994 17:40,F-0,0.1,10,0,0,"$6,000 ",35.88,-79.43,0,0,Alamance County NC
3/27/1994 18:00,F-0,0.1,10,0,0,"$5,000 ",35.67,-79.78,0,0,Randolph County NC
3/28/1994 12:15,F-0,0.5,30,0,0,"$3,000 ",34.48,-78.65,0,0,Bladen County NC
3/28/1994 14:00,F-0,4,30,0,0,"$4,000 ",34.77,-78.1,34.73,-78.02,Duplin County NC
5/1/1994 16:00,F-0,0.2,50,0,0,"$3,000 ",35.32,-78.62,0,0,Harnett County NC
6/20/1994 11:30,F-0,0.5,200,0,0,$0 or unknown,36.48,-77.67,0,0,Halifax County NC
6/24/1994 15:50,F-1,4,40,0,0,"$4,000 ",35.42,-78.68,35.47,-78.63,Harnett County NC
6/27/1994 7:08,F-1,0.5,23,0,0,"$5,000 ",35.97,-76.28,0,0,Tyrrell County NC
6/27/1994 8:47,F-1,1,50,0,0,"$5,000 ",35.92,-76.28,0,0,Tyrrell County NC
6/27/1994 11:48,F-1,0.5,100,0,0,"$5,000 ",34.88,-76.98,0,0,Craven County NC
7/11/1994 13:23,F-0,0.1,10,0,0,$0 or unknown,34.93,-76.85,0,0,Craven County NC
7/28/1994 15:45,F-0,0.1,10,0,0,"$3,000 ",35.13,-77.02,0,0,Craven County NC
8/5/1994 18:00,F-0,0.1,10,0,0,"$3,000 ",35.67,-80.5,0,0,Rowan County NC
8/16/1994 16:30,F-1,2,200,0,0,"$5,000 ",35.2,-81.53,0,0,Cleveland County NC
8/16/1994 17:42,F-0,2,50,0,0,"$4,000 ",35.87,-81.38,0,0,Caldwell County NC
8/16/1994 17:45,F-2,1.5,200,1,0,"$5,000 ",35.73,-81.32,0,0,Catawba County NC
8/16/1994 18:15,F-0,2,50,0,0,"$4,000 ",36.3,-81,0,0,Wilkes County NC
8/16/1994 23:00,F-0,1,50,0,0,"$4,000 ",35.78,-80.9,0,0,Iredell County NC
8/17/1994 19:10,F-1,1,50,0,0,"$5,000 ",35.4,-78.75,0,0,Harnett County NC
9/18/1994 15:45,F-1,0.2,40,0,0,"$5,000 ",33.98,-78.53,0,0,Brunswick County NC
9/22/1994 2:30,F-0,0.2,23,1,0,"$4,000 ",35.57,-75.48,0,0,Dare County NC
1/6/1995 22:15,F-0,2,150,3,1,"$5,000 ",34.7,-78.55,0,0,Bladen County NC
1/6/1995 23:30,F-1,1,73,1,0,"$4,000 ",35.12,-78.1,0,0,Duplin County NC
1/6/1995 23:40,F-1,1,100,8,0,"$4,000 ",35.32,-77.73,0,0,Lenoir County NC
1/6/1995 23:45,F-1,0.5,50,22,0,"$6,000 ",35.23,-77.85,0,0,Wayne County NC
4/12/1995 13:23,F-0,0.5,23,1,0,"$4,000 ",35.05,-80.7,0,0,Union County NC
5/11/1995 15:57,F-1,0.1,10,0,0,"$5,000 ",36.12,-76.95,0,0,Bertie County NC
5/11/1995 17:26,F-0,1,33,0,0,$0 or unknown,35.63,-79.77,0,0,Randolph County NC
5/19/1995 6:38,F-1,6,50,1,0,"$5,000 ",34.95,-79.27,34.95,-79.22,Hoke County NC
6/8/1995 17:52,F-0,1,33,0,0,$0 or unknown,36.42,-78.97,0,0,Person County NC
6/12/1995 16:13,F-0,3,40,0,0,$0 or unknown,36.42,-77.72,36.42,-77.67,Halifax County NC
7/1/1995 13:55,F-0,0.1,10,0,0,$0 or unknown,33.92,-78.02,0,0,Brunswick County NC
10/5/1995 9:40,F-0,0.2,23,0,0,"$4,000 ",35.45,-77.68,0,0,Greene County NC
10/27/1995 15:20,F-2,4,73,0,0,"$5,000 ",36.5,-78.93,36.55,-78.9,Person County NC
10/27/1995 16:10,F-2,2,73,0,0,"$5,000 ",36.22,-78.53,0,0,Granville County NC
10/27/1995 16:35,F-2,3,50,0,0,"$7,000 ",36.33,-78.48,36.33,-78.42,Vance County NC
10/27/1995 16:50,F-0,1,50,0,0,"$4,000 ",36.48,-78.18,0,0,Warren County NC
10/28/1995 0:15,F-0,0.3,23,0,0,"$3,000 ",34.55,-77.43,0,0,Onslow County NC
10/28/1995 0:30,F-0,0.5,40,0,0,"$4,000 ",34.77,-77.38,0,0,Onslow County NC
10/28/1995 0:35,F-0,0.2,23,0,0,"$2,000 ",34.72,-77.23,0,0,Onslow County NC
11/7/1995 16:00,F-0,0.1,10,0,0,$0 or unknown,34.65,-79.08,0,0,Robeson County NC
11/7/1995 16:30,F-2,0.7,40,122,0,"$5,000 ",34.28,-78.7,0,0,Columbus County NC
11/11/1995 18:50,F-1,1,100,3,0,"$4,000 ",35.78,-77.65,0,0,Edgecombe County NC
11/11/1995 19:15,F-2,0.3,100,0,0,"$5,000 ",36.33,-77.22,0,0,Northampton County NC
11/11/1995 20:00,F-1,2.2,100,0,0,"$4,000 ",36.32,-76.63,36.35,-76.6,Chowan County NC; Gates County NC
11/11/1995 20:25,F-1,1,100,0,0,"$4,000 ",36.3,-76.25,0,0,Pasquotank County NC
1/19/1996 12:16,F-0,0.3,50,0,0,$0 or unknown,35.27,-75.55,35.27,-75.55,Dare County NC
4/13/1996 18:03,F-1,1,50,0,0,$0 or unknown,34.7,-80.57,34.7,-80.57,Union County NC
4/15/1996 9:20,F-0,0.2,20,0,0,$0 or unknown,34.53,-78.05,34.53,-78.05,Pender County NC
4/15/1996 9:50,F-0,0.1,10,0,0,$0 or unknown,34.53,-78.08,34.53,-78.08,Pender County NC
4/15/1996 13:25,F-1,0.3,50,0,0,$0 or unknown,34.83,-78.05,34.83,-78.05,Duplin County NC
4/15/1996 13:30,F-2,1.5,75,0,0,$0 or unknown,34.9,-77.95,34.9,-77.95,Duplin County NC
4/15/1996 13:33,F-2,1,75,3,0,$0 or unknown,34.92,-77.95,34.92,-77.95,Duplin County NC
4/15/1996 13:35,F-2,0.8,75,0,0,$0 or unknown,34.92,-77.95,34.92,-77.95,Duplin County NC
4/15/1996 13:40,F-1,0.5,50,0,0,$0 or unknown,34.95,-77.93,34.95,-77.93,Duplin County NC
4/15/1996 13:48,F-2,1,75,0,0,$0 or unknown,35.02,-77.95,35.03,-77.95,Duplin County NC
4/15/1996 14:20,F-0,0.3,25,0,0,$0 or unknown,35.15,-77.73,35.15,-77.73,Lenoir County NC
4/15/1996 14:32,F-0,0.3,50,0,0,$0 or unknown,35.27,-77.6,35.27,-77.6,Lenoir County NC
4/15/1996 14:35,F-1,0.5,50,0,0,$0 or unknown,35.27,-77.6,35.28,-77.6,Lenoir County NC
4/15/1996 14:45,F-0,0.5,50,0,0,$0 or unknown,35.32,-77.58,35.32,-77.58,Lenoir County NC
4/15/1996 15:00,F-2,1.3,75,0,0,$0 or unknown,35.47,-77.53,35.47,-77.53,Greene County NC
4/15/1996 15:10,F-1,0.7,50,0,0,$0 or unknown,35.48,-77.38,35.48,-77.38,Pitt County NC
4/15/1996 16:08,F-0,2,200,0,0,$0 or unknown,35.78,-78.38,35.83,-78.33,Wake County NC
4/15/1996 16:25,F-1,3,50,26,0,"$3,000 ",35.78,-78.38,35.82,-78.33,Wake County NC
4/15/1996 16:45,F-1,4,50,0,0,$0 or unknown,35.95,-78.12,35.95,-78.12,Nash County NC
4/20/1996 11:50,F-0,0.1,30,0,0,$0 or unknown,35.57,-82.02,35.57,-82.02,McDowell County NC
4/20/1996 12:00,F-1,0.1,20,2,0,$0 or unknown,36.18,-81.65,36.18,-81.65,Watauga County NC
4/26/1996 12:30,F-0,0.5,50,0,0,$0 or unknown,35.02,-77.48,35.02,-77.48,Jones County NC
4/26/1996 12:45,F-0,0.2,20,0,0,$0 or unknown,34.15,-78.6,34.15,-78.6,Columbus County NC
4/26/1996 12:50,F-0,0.2,25,0,0,$0 or unknown,34.97,-77.23,34.97,-77.23,Jones County NC
5/6/1996 18:45,F-1,0.1,20,0,0,$0 or unknown,36.28,-79.73,36.28,-79.73,Rockingham County NC
5/11/1996 17:40,F-0,0.1,10,0,0,$0 or unknown,34.5,-78.83,34.5,-78.83,Bladen County NC
5/29/1996 15:40,F-1,5,150,0,0,$0 or unknown,35.58,-80.82,35.58,-80.67,Iredell County NC; Rowan County NC
5/29/1996 16:05,F-1,5,150,0,0,$0 or unknown,35.65,-80.48,35.67,-80.4,Rowan County NC
7/3/1996 13:30,F-0,1,500,0,0,$0 or unknown,36.45,-77.27,36.45,-77.23,Northampton County NC
7/12/1996 11:30,F-0,0.3,50,0,0,$0 or unknown,35.7,-78.12,35.7,-78.12,Wilson County NC
7/12/1996 12:25,F-0,4.5,100,0,0,$0 or unknown,35.78,-78.8,35.78,-78.8,Wake County NC
7/12/1996 15:20,F-0,0.5,50,0,0,$0 or unknown,34.72,-76.85,34.72,-76.85,Carteret County NC
7/12/1996 15:41,F-0,0.5,50,0,0,$0 or unknown,35.07,-76.98,35.07,-76.98,Craven County NC
7/25/1996 10:54,F-1,0.1,25,0,0,$0 or unknown,36.5,-79.23,36.5,-79.23,Caswell County NC
8/4/1996 7:20,F-0,0.1,20,0,0,$0 or unknown,33.92,-78.03,33.92,-78.03,Brunswick County NC
9/6/1996 20:00,F-0,0.2,10,0,0,$0 or unknown,34.62,-79,34.62,-79,Robeson County NC
9/16/1996 16:35,F-0,0.1,180,0,0,$0 or unknown,35.3,-81.55,35.3,-81.55,Cleveland County NC
9/16/1996 18:10,F-0,3,10,0,0,$0 or unknown,34.42,-79.05,34.47,-79.02,Robeson County NC
9/16/1996 19:20,F-2,1.4,100,0,0,$0 or unknown,35.25,-78.53,35.25,-78.53,Sampson County NC
9/16/1996 21:12,F-1,2,100,0,0,$0 or unknown,35.12,-78.03,35.12,-78.03,Duplin County NC
9/16/1996 22:00,F-2,1,100,1,0,"$1,000 ",35.22,-77.58,35.25,-77.58,Lenoir County NC
9/16/1996 22:05,F-1,1,100,1,0,"$1,000 ",35.55,-77.77,35.57,-77.75,Lenoir County NC
9/16/1996 22:30,F-1,0.5,75,0,0,$0 or unknown,35.32,-77.38,35.32,-77.38,Craven County NC
9/17/1996 1:55,F-0,0.3,50,1,0,$0 or unknown,35.8,-75.62,35.8,-75.62,Dare County NC
10/8/1996 3:45,F-0,0.4,15,0,0,$0 or unknown,33.95,-78.27,33.95,-78.27,Brunswick County NC
10/8/1996 5:30,F-1,0.3,50,0,0,$0 or unknown,34.75,-77.42,34.75,-77.42,Onslow County NC
10/8/1996 5:40,F-0,0.2,10,0,0,$0 or unknown,34.17,-77.92,34.17,-77.92,New Hanover County NC
10/8/1996 6:20,F-0,0.3,50,0,0,$0 or unknown,35.23,-75.63,35.23,-75.63,Dare County NC
10/8/1996 7:00,F-1,0.6,50,0,0,$0 or unknown,35.18,-77.05,35.18,-77.05,Craven County NC
10/8/1996 7:30,F-1,0.5,50,1,0,$0 or unknown,35.5,-76.98,35.5,-76.98,Beaufort County NC
10/8/1996 7:33,F-2,1,50,0,0,$0 or unknown,35.48,-76.87,35.48,-76.87,Beaufort County NC
11/8/1996 18:25,F-0,0.1,15,0,0,$0 or unknown,34.68,-78.45,34.7,-78.45,Bladen County NC
12/7/1996 15:55,F-0,0.1,10,0,0,$0 or unknown,34.62,-78.75,34.62,-78.75,Bladen County NC
2/21/1997 16:22,F-1,15,200,0,0,$0 or unknown,35.17,-81.23,35.25,-81.05,Gaston County NC
4/21/1997 15:30,F-0,2,100,0,0,$0 or unknown,34.85,-77.28,34.85,-77.28,Onslow County NC
5/1/1997 16:00,F-0,2,50,0,0,$0 or unknown,35.73,-77.92,35.73,-77.92,Wilson County NC
6/1/1997 16:10,F-0,0.4,100,0,0,$0 or unknown,35.92,-77.15,35.92,-77.15,Martin County NC
7/5/1997 16:50,F-1,1,40,0,0,$0 or unknown,34.8,-78.95,34.8,-78.95,Robeson County NC
7/5/1997 18:10,F-0,0.5,100,0,0,$0 or unknown,35.38,-77.78,35.38,-77.78,Greene County NC
7/19/1997 13:31,F-0,0.1,10,0,0,$0 or unknown,34.15,-78.1,34.15,-78.1,Brunswick County NC
7/19/1997 13:40,F-0,0.1,10,0,0,$0 or unknown,34.25,-78.05,34.25,-78.05,Brunswick County NC
10/26/1997 15:45,F-1,0.2,50,1,0,$0 or unknown,34.47,-78.33,34.65,-78.05,Bladen County NC; Pender County NC
10/26/1997 17:45,F-0,0.2,50,0,0,$0 or unknown,34.7,-76.77,34.7,-76.77,Carteret County NC
1/8/1998 8:01,F-1,0.2,30,3,0,$0 or unknown,34.23,-77.93,34.23,-77.93,New Hanover County NC
3/8/1998 13:38,F-0,0.3,30,0,0,$0 or unknown,34.62,-78.98,34.62,-78.98,Robeson County NC
3/8/1998 14:03,F-1,2,30,3,0,$0 or unknown,34.58,-78.97,34.57,-78.93,Robeson County NC
3/8/1998 15:10,F-0,0.3,30,0,0,$0 or unknown,34.27,-78.92,34.28,-78.92,Columbus County NC
3/8/1998 16:10,F-2,1,50,0,0,$0 or unknown,35.45,-77.9,35.47,-77.88,Wayne County NC
3/20/1998 13:42,F-0,0.1,30,0,0,$0 or unknown,35.18,-80.67,35.18,-80.67,Mecklenburg County NC
3/20/1998 14:14,F-1,1.5,30,3,0,$0 or unknown,36.32,-80.07,36.33,-80.05,Stokes County NC
3/20/1998 14:25,F-3,12,300,27,2,"$34,000 ",36.4,-79.98,36.53,-79.78,Rockingham County NC
3/20/1998 17:15,F-0,0.1,30,0,0,$0 or unknown,35.63,-78.85,35.63,-78.85,Wake County NC
3/20/1998 17:30,F-2,2.5,100,1,0,"$1,000 ",36.22,-78.82,36.25,-78.78,Durham County NC
3/20/1998 17:40,F-2,1.5,100,2,0,"$1,000 ",35.72,-78.62,35.72,-78.62,Wake County NC
3/20/1998 17:45,F-0,0.2,30,0,0,$0 or unknown,35.8,-78.67,35.8,-78.67,Wake County NC
3/20/1998 17:55,F-2,1.5,100,0,0,$0 or unknown,36.32,-78.73,36.32,-78.73,Granville County NC
3/20/1998 18:35,F-1,0.1,50,0,0,$0 or unknown,36.1,-78.13,36.1,-78.13,Franklin County NC
3/20/1998 19:45,F-1,0.5,30,1,0,$0 or unknown,34.48,-79.03,34.48,-79.03,Robeson County NC
4/1/1998 14:45,F-0,0.5,50,0,0,$0 or unknown,35.38,-77.93,35.38,-77.93,Wayne County NC
4/1/1998 14:50,F-1,1,50,0,0,$0 or unknown,35.23,-77.8,35.23,-77.8,Lenoir County NC
4/1/1998 14:55,F-1,1.5,100,0,0,$0 or unknown,35.25,-77.77,35.25,-77.77,Lenoir County NC
4/1/1998 15:05,F-1,1.5,80,3,0,$0 or unknown,35.23,-77.62,35.23,-77.62,Lenoir County NC
4/1/1998 15:50,F-0,1,50,0,0,$0 or unknown,35.05,-77.63,35.05,-77.63,Lenoir County NC
4/1/1998 16:15,F-0,0.5,50,0,0,$0 or unknown,35.22,-77.47,35.22,-77.47,Jones County NC
4/1/1998 16:30,F-0,0.5,50,0,0,$0 or unknown,35.33,-77.2,35.33,-77.2,Craven County NC
4/1/1998 16:44,F-0,0.5,50,0,0,$0 or unknown,35.3,-77.22,35.3,-77.22,Craven County NC
5/4/1998 15:04,F-0,0.2,50,0,0,$0 or unknown,35,-77.65,35,-77.65,Jones County NC
5/4/1998 15:22,F-0,0.2,50,0,0,$0 or unknown,35.22,-77.53,35.22,-77.53,Jones County NC
5/7/1998 13:15,F-1,9,100,0,0,$0 or unknown,35.03,-84.33,35.02,-84.15,Cherokee County NC
5/7/1998 14:35,F-0,0.5,50,2,0,$0 or unknown,36.32,-79.27,36.33,-79.25,Caswell County NC
5/7/1998 15:15,F-0,5,300,0,0,$0 or unknown,35.93,-81.08,35.95,-81.02,Alexander County NC
5/7/1998 15:25,F-1,3,1320,0,0,$0 or unknown,35.92,-80.98,35.92,-80.95,Iredell County NC
5/7/1998 15:49,F-4,4,1320,2,0,"$1,000 ",35.87,-81.38,35.87,-81.32,Caldwell County NC
5/7/1998 15:50,F-1,3,440,0,0,"$1,000 ",35.98,-80.77,35.95,-80.72,Iredell County NC
5/7/1998 15:55,F-2,3.7,880,0,0,$0 or unknown,35.62,-81.98,35.62,-81.98,McDowell County NC
5/7/1998 16:03,F-1,10,200,0,0,$0 or unknown,35.85,-81.35,35.85,-81.18,Alexander County NC
5/7/1998 16:15,F-0,5,100,0,0,$0 or unknown,36.02,-80.52,36.02,-80.43,Davie County NC
5/7/1998 16:19,F-1,2.5,100,0,0,"$1,000 ",36.35,-80.62,36.35,-80.57,Surry County NC
5/7/1998 16:30,F-3,2,30,5,0,"$50,000 ",36.02,-80.38,36.02,-80.38,Forsyth County NC
5/7/1998 16:49,F-2,2,440,0,0,$0 or unknown,35.55,-81.42,35.55,-81.4,Lincoln County NC
5/7/1998 17:10,F-1,0.1,100,0,0,$0 or unknown,36.02,-80.13,36.02,-80.13,Davidson County NC
5/7/1998 17:20,F-1,1.5,30,0,0,$0 or unknown,36.08,-79.93,36.08,-79.93,Guilford County NC
5/7/1998 17:25,F-0,5,50,0,0,$0 or unknown,35.53,-81.03,35.5,-80.95,Lincoln County NC
5/7/1998 17:45,F-0,6,50,0,0,$0 or unknown,35.52,-80.97,35.48,-80.87,Mecklenburg County NC
5/7/1998 18:07,F-1,1.5,30,0,0,$0 or unknown,35.92,-79.55,35.92,-79.53,Guilford County NC
5/7/1998 18:11,F-1,1,30,0,0,$0 or unknown,35.9,-79.62,35.87,-79.63,Randolph County NC
5/7/1998 21:48,F-1,2,40,0,0,$0 or unknown,34.23,-77.93,34.23,-77.93,New Hanover County NC
5/23/1998 13:15,F-1,1.5,40,1,0,$0 or unknown,34.23,-77.93,34.23,-77.93,New Hanover County NC
6/2/1998 15:15,F-0,17,50,0,0,$0 or unknown,34.93,-76.58,34.8,-76.42,Carteret County NC
6/3/1998 18:17,F-0,2,60,0,0,$0 or unknown,36.33,-81.83,36.33,-81.8,Watauga County NC
6/13/1998 14:15,F-1,0.3,30,0,0,$0 or unknown,34.52,-78.27,34.43,-78.33,Bladen County NC
6/13/1998 14:21,F-0,0.1,30,0,0,$0 or unknown,34.48,-78.1,34.48,-78.1,Pender County NC
6/13/1998 14:25,F-1,2,30,0,0,$0 or unknown,34.47,-78.33,34.47,-78.33,Bladen County NC
6/13/1998 15:02,F-0,0.1,30,0,0,$0 or unknown,34.25,-78.05,34.25,-78.05,Brunswick County NC
6/15/1998 13:50,F-0,0.1,30,0,0,$0 or unknown,36.48,-79.43,36.48,-79.43,Caswell County NC
6/19/1998 17:20,F-1,2,30,0,0,$0 or unknown,34.23,-77.93,34.23,-77.93,New Hanover County NC
7/31/1998 13:45,F-0,0.2,30,0,0,$0 or unknown,34.83,-76.5,34.83,-76.5,Carteret County NC
8/26/1998 11:25,F-1,0.3,30,0,0,$0 or unknown,34.72,-76.67,34.72,-76.67,Carteret County NC
8/26/1998 13:10,F-1,0.5,40,0,0,$0 or unknown,34.97,-76.98,34.97,-76.98,Craven County NC
8/26/1998 15:00,F-0,0.1,30,0,0,$0 or unknown,35.03,-76.73,35.03,-76.73,Pamlico County NC
8/26/1998 15:05,F-1,0.2,30,0,0,$0 or unknown,34.97,-77.68,34.97,-77.68,Duplin County NC
8/26/1998 15:35,F-0,2,30,0,0,$0 or unknown,35.78,-76.08,35.78,-76.08,Tyrrell County NC
8/26/1998 16:25,F-0,0.3,50,0,0,$0 or unknown,36.07,-76.62,36.07,-76.62,Chowan County NC
8/26/1998 16:39,F-0,0.1,30,0,0,$0 or unknown,35.62,-76.87,35.62,-76.87,Beaufort County NC
8/26/1998 18:00,F-0,0.5,40,0,0,$0 or unknown,35.72,-76.65,35.72,-76.65,Washington County NC
9/3/1998 20:30,F-0,2,50,0,0,$0 or unknown,34.65,-77.05,34.7,-77.03,Carteret County NC
9/3/1998 20:45,F-1,0.2,30,0,0,$0 or unknown,35.12,-75.98,35.12,-75.98,Hyde County NC
9/28/1998 14:55,F-0,0.2,30,0,0,$0 or unknown,35.73,-81.32,35.73,-81.32,Catawba County NC
4/11/1999 12:20,F-0,1,50,0,0,$0 or unknown,36.2,-76.23,36.22,-76.17,Pasquotank County NC
4/11/1999 14:08,F-0,0.1,0,0,0,$0 or unknown,35.52,-77.5,35.52,-77.5,Pitt County NC
4/11/1999 14:38,F-0,0.1,0,0,0,$0 or unknown,35.22,-77.45,35.22,-77.45,Craven County NC
4/11/1999 15:18,F-0,0.1,0,0,0,$0 or unknown,35.2,-77.17,35.2,-77.17,Craven County NC
4/15/1999 18:15,F-2,0.3,0,4,1,$0 or unknown,34.68,-79.13,34.68,-79.13,Robeson County NC
4/15/1999 18:30,F-1,0.1,40,0,0,$0 or unknown,34.72,-78.88,34.72,-78.88,Robeson County NC
4/15/1999 18:45,F-2,0.1,30,5,0,$0 or unknown,34.72,-78.78,34.72,-78.78,Bladen County NC
4/15/1999 20:00,F-2,30,900,19,0,"$6,000 ",34.95,-77.95,35.08,-77.37,Duplin County NC; Jones County NC
4/15/1999 20:15,F-1,3,10,2,0,$0 or unknown,35.05,-77.75,35.05,-77.7,Lenoir County NC
4/15/1999 20:20,F-1,10,10,7,0,"$2,000 ",34.88,-77.53,34.88,-77.45,Onslow County NC
4/15/1999 20:45,F-0,2,0,0,0,$0 or unknown,35.13,-77.02,35.17,-77.02,Craven County NC
4/15/1999 21:05,F-1,8,10,0,0,"$1,000 ",34.8,-76.45,34.88,-76.33,Carteret County NC
5/6/1999 4:02,F-1,2,440,0,0,$0 or unknown,35.6,-82.57,35.6,-82.57,Buncombe County NC
8/1/1999 18:35,F-0,0.2,10,0,0,$0 or unknown,35.08,-80.85,35.08,-80.85,Mecklenburg County NC
9/15/1999 5:24,F-0,0.3,10,0,0,$0 or unknown,34.52,-77.9,34.52,-77.9,Pender County NC
9/15/1999 8:20,F-0,2,10,0,0,$0 or unknown,34.17,-77.93,34.13,-77.93,New Hanover County NC
9/15/1999 13:20,F-0,0.2,10,0,0,$0 or unknown,34.3,-77.83,34.3,-77.83,New Hanover County NC
9/15/1999 13:40,F-0,0.2,10,0,0,$0 or unknown,35.62,-77.38,35.62,-77.38,Pitt County NC
9/15/1999 14:11,F-0,0.2,10,0,0,$0 or unknown,34.55,-77.4,34.55,-77.4,Onslow County NC
9/15/1999 14:15,F-0,0.2,10,0,0,$0 or unknown,35.15,-76.85,35.15,-76.85,Pamlico County NC
9/15/1999 14:40,F-2,2,20,0,0,$0 or unknown,34.68,-76.92,34.68,-76.92,Carteret County NC
9/15/1999 15:55,F-1,3,0,0,0,$0 or unknown,34.83,-76.75,34.83,-76.75,Carteret County NC
9/15/1999 17:05,F-0,1.5,0,0,0,$0 or unknown,34.7,-76.73,34.7,-76.73,Carteret County NC
9/15/1999 17:20,F-0,0.2,10,0,0,$0 or unknown,35.82,-76.4,35.82,-76.4,Washington County NC
9/15/1999 17:25,F-0,0.2,10,0,0,$0 or unknown,35.42,-76.33,35.42,-76.33,Hyde County NC
9/15/1999 17:31,F-0,0.2,10,0,0,$0 or unknown,35.15,-76.77,35.15,-76.77,Pamlico County NC
9/15/1999 17:40,F-0,0.5,50,0,0,$0 or unknown,36,-76.95,36,-76.95,Bertie County NC
9/15/1999 18:20,F-0,6,20,0,0,$0 or unknown,35.22,-77.32,35.22,-77.32,Craven County NC
9/15/1999 18:35,F-0,2,20,0,0,$0 or unknown,35.15,-76.77,35.15,-76.82,Pamlico County NC
9/15/1999 21:30,F-1,1,100,0,0,$0 or unknown,36.17,-76.32,36.17,-76.32,Perquimans County NC
9/29/1999 16:00,F-2,0.1,50,0,0,$0 or unknown,35.27,-80.43,35.27,-80.43,Stanly County NC
9/29/1999 16:20,F-1,2,40,0,0,$0 or unknown,36.53,-80.57,36.55,-80.55,Surry County NC
9/29/1999 17:00,F-2,6,100,0,0,"$3,000 ",35.37,-80.22,35.37,-80.22,Stanly County NC
9/29/1999 18:10,F-0,0.2,50,0,0,$0 or unknown,35.42,-80,35.42,-80,Montgomery County NC
10/17/1999 8:50,F-0,0.2,10,0,0,$0 or unknown,34.75,-77.42,34.75,-77.42,Onslow County NC
10/17/1999 16:30,F-2,0.2,50,1,0,$0 or unknown,36.22,-76.17,36.22,-76.17,Pasquotank County NC
2/14/2000 5:00,F-0,0.1,0,0,0,$0 or unknown,35.27,-77.58,35.27,-77.58,Lenoir County NC
2/14/2000 5:07,F-0,0.1,0,0,0,$0 or unknown,35.85,-77.07,35.85,-77.07,Martin County NC
3/16/2000 21:10,F-0,2,40,0,0,$0 or unknown,34.47,-77.88,34.45,-77.87,Pender County NC
3/16/2000 22:30,F-0,0.2,50,0,0,$0 or unknown,34.9,-77.53,34.9,-77.53,Onslow County NC
3/16/2000 23:10,F-0,0.5,50,0,0,$0 or unknown,35.17,-77.22,35.17,-77.22,Craven County NC
4/15/2000 10:45,F-0,0.2,50,0,0,$0 or unknown,34.68,-77.05,34.68,-77.05,Carteret County NC
4/15/2000 11:17,F-1,0.8,100,1,0,"$1,000 ",35.13,-77.02,35.13,-77.02,Craven County NC
4/15/2000 11:45,F-0,0.2,50,0,0,$0 or unknown,34.72,-76.7,34.72,-76.7,Carteret County NC
4/25/2000 13:30,F-0,0.5,40,0,0,$0 or unknown,34.45,-78.1,34.47,-78.1,Pender County NC
4/28/2000 11:45,F-0,1,50,0,0,$0 or unknown,34.55,-77.93,34.55,-77.93,Pender County NC
5/21/2000 16:20,F-0,0.5,50,0,0,$0 or unknown,35.02,-77.95,35.02,-77.95,Duplin County NC
5/21/2000 16:33,F-0,1,100,0,0,$0 or unknown,34.82,-77.55,34.82,-77.55,Onslow County NC
5/24/2000 15:46,F-0,0.3,20,0,0,$0 or unknown,35.72,-81.87,35.72,-81.87,Burke County NC
5/24/2000 15:50,F-0,4,30,0,0,$0 or unknown,35.68,-81.87,35.68,-81.88,McDowell County NC; Burke County NC
5/24/2000 16:20,F-0,2,30,0,0,$0 or unknown,35.57,-81.72,35.57,-81.72,Rutherford County NC
5/28/2000 11:06,F-0,0.1,20,0,0,$0 or unknown,34.97,-78.95,34.97,-78.95,Cumberland County NC
6/19/2000 12:05,F-0,0.1,20,0,0,$0 or unknown,35.93,-79.08,35.93,-79.08,Orange County NC
6/22/2000 14:49,F-0,0.2,20,0,0,$0 or unknown,36.27,-76.53,36.27,-76.53,Perquimans County NC
7/24/2000 11:57,F-0,0.5,20,0,0,$0 or unknown,36.38,-75.82,36.38,-75.82,Currituck County NC
9/18/2000 14:37,F-0,0.1,50,0,0,$0 or unknown,34.77,-77.1,34.77,-77.15,Carteret County NC
12/16/2000 23:00,F-0,0.1,20,0,0,$0 or unknown,35.17,-78.98,35.17,-78.98,Cumberland County NC
12/16/2000 23:10,F-0,0.1,20,0,0,$0 or unknown,35.28,-78.93,35.28,-78.93,Harnett County NC
12/16/2000 23:15,F-0,0.1,20,0,0,$0 or unknown,35.42,-78.68,35.42,-78.68,Harnett County NC
4/1/2001 13:15,F-0,0.3,100,0,0,$0 or unknown,34.5,-77.68,34.5,-77.68,Pender County NC
4/1/2001 14:30,F-0,0.2,50,0,0,$0 or unknown,34.68,-77.05,34.68,-77.05,Carteret County NC
4/17/2001 14:00,F-1,0.5,100,0,0,$0 or unknown,34.72,-76.7,34.72,-76.7,Carteret County NC
4/17/2001 14:16,F-0,0.5,100,0,0,$0 or unknown,34.87,-76.48,34.87,-76.48,Carteret County NC
5/19/2001 17:25,F-0,0.1,25,0,0,$0 or unknown,36.42,-78.35,36.42,-78.35,Vance County NC
5/19/2001 17:45,F-0,0.1,25,0,0,$0 or unknown,36.43,-78.23,36.43,-78.23,Warren County NC
5/28/2001 11:33,F-0,0.5,50,0,0,$0 or unknown,35.63,-75.48,35.6,-75.48,Dare County NC
6/1/2001 12:00,F-0,0.1,25,0,0,$0 or unknown,35.78,-78.8,35.78,-78.8,Wake County NC
6/1/2001 17:00,F-1,0.5,100,3,0,$0 or unknown,36.33,-77.13,36.3,-77.17,Hertford County NC
7/4/2001 18:38,F-0,0.2,0,0,0,$0 or unknown,35.07,-80.47,35.07,-80.47,Union County NC
8/18/2001 12:45,F-0,0.1,15,0,0,$0 or unknown,34.5,-79.02,34.5,-79.02,Robeson County NC
9/11/2001 12:48,F-0,0.3,20,0,0,$0 or unknown,33.9,-78.47,33.9,-78.48,Brunswick County NC
9/24/2001 16:00,F-0,1,50,0,0,$0 or unknown,36.22,-77.12,36.22,-77.12,Bertie County NC
5/13/2002 19:25,F-0,0.5,100,0,0,$0 or unknown,35.85,-77.07,35.85,-77.07,Martin County NC
7/24/2002 15:55,F-0,2,50,0,0,$0 or unknown,33.93,-78.35,33.95,-78.38,Brunswick County NC
8/26/2002 7:05,F-0,0.1,50,0,0,$0 or unknown,35.35,-75.52,35.35,-75.52,Dare County NC
9/10/2002 10:05,F-0,0.1,20,0,0,$0 or unknown,35.12,-75.98,35.12,-75.98,Hyde County NC
10/11/2002 0:05,F-1,4,75,0,0,$0 or unknown,35.6,-78.17,35.6,-78.17,Johnston County NC
10/11/2002 0:10,F-1,2,50,0,0,$0 or unknown,35.68,-78.07,35.68,-78.07,Wilson County NC
10/11/2002 11:15,F-1,7,100,0,0,$0 or unknown,35.7,-77.55,35.8,-77.47,Pitt County NC
10/11/2002 11:38,F-1,2,50,0,0,$0 or unknown,35.82,-77.45,35.82,-77.45,Edgecombe County NC
10/11/2002 15:38,F-2,3,200,0,0,"$3,000 ",35.58,-76.67,35.58,-76.67,Beaufort County NC
10/11/2002 16:45,F-0,1,50,0,0,$0 or unknown,35.53,-76.63,35.53,-76.63,Beaufort County NC
10/11/2002 17:40,F-0,1,100,0,0,$0 or unknown,34.88,-76.33,34.88,-76.33,Carteret County NC
2/22/2003 16:55,F-0,0.1,20,0,0,$0 or unknown,34.75,-77.42,34.75,-77.42,Onslow County NC
5/9/2003 15:10,F-0,1,50,0,0,$0 or unknown,36.52,-77.18,36.52,-77.18,Northampton County NC
5/9/2003 15:20,F-1,7,100,0,0,$0 or unknown,36.45,-77.1,36.38,-77.02,Hertford County NC
5/9/2003 15:50,F-0,1,50,0,0,$0 or unknown,36.2,-76.77,36.2,-76.77,Bertie County NC
5/9/2003 16:00,F-0,1,50,0,0,$0 or unknown,36.18,-76.68,36.18,-76.68,Chowan County NC
5/9/2003 16:08,F-0,5,50,0,0,$0 or unknown,36.5,-78.43,36.5,-78.43,Vance County NC
5/9/2003 16:30,F-0,0.5,20,0,0,$0 or unknown,36.33,-78.22,36.33,-78.22,Warren County NC
5/9/2003 16:42,F-1,1,200,0,0,$0 or unknown,35.88,-76.72,35.87,-76.62,Washington County NC
5/9/2003 17:20,F-0,0.2,20,0,0,$0 or unknown,36,-77.97,36,-77.97,Nash County NC
5/9/2003 19:10,F-0,0.1,25,0,0,$0 or unknown,35.23,-77.68,35.23,-77.68,Greene County NC
5/10/2003 19:42,F-0,0.1,50,0,0,$0 or unknown,35.45,-76.93,35.45,-76.93,Beaufort County NC
5/15/2003 16:20,F-1,3,100,0,0,$0 or unknown,35.55,-81.4,35.52,-81.37,Lincoln County NC
5/27/2003 12:37,F-0,7.5,30,0,0,$0 or unknown,34.65,-78.03,34.65,-77.9,Pender County NC
5/27/2003 16:30,F-0,0.8,20,0,0,$0 or unknown,36.02,-80.53,36.02,-80.53,Davie County NC
5/31/2003 15:00,F-0,0.2,10,0,0,$0 or unknown,35.02,-80.17,35.02,-80.17,Anson County NC
5/31/2003 16:15,F-0,0.2,10,0,0,$0 or unknown,35.78,-79.37,35.78,-79.37,Chatham County NC
6/7/2003 18:55,F-0,3,100,2,0,$0 or unknown,36.52,-76.18,36.52,-76.18,Currituck County NC
7/2/2003 8:55,F-0,0.1,20,0,0,$0 or unknown,34.78,-76.93,34.78,-76.93,Carteret County NC
7/2/2003 9:10,F-0,0.1,30,0,0,$0 or unknown,34.7,-76.73,34.7,-76.73,Carteret County NC
7/2/2003 10:06,F-0,0.7,30,0,0,$0 or unknown,34.32,-78.52,34.32,-78.52,Columbus County NC
7/2/2003 10:55,F-1,1,50,0,0,$0 or unknown,34.6,-77.6,34.6,-77.58,Onslow County NC
7/2/2003 11:10,F-0,0.1,20,0,0,$0 or unknown,34.83,-77.45,34.83,-77.45,Onslow County NC
7/2/2003 11:49,F-0,10,50,0,0,$0 or unknown,35.15,-79.47,35.23,-79.32,Moore County NC
7/2/2003 12:40,F-0,0.3,30,0,0,$0 or unknown,35.27,-77.12,35.27,-77.12,Craven County NC
7/2/2003 12:53,F-0,0.1,20,0,0,$0 or unknown,34.9,-77.53,34.9,-77.53,Onslow County NC
7/2/2003 13:00,F-0,0.1,20,0,0,$0 or unknown,35.07,-77.37,35.07,-77.37,Jones County NC
7/2/2003 18:00,F-1,0.8,75,0,0,$0 or unknown,34.53,-78.72,34.53,-78.65,Bladen County NC
7/2/2003 19:30,F-0,0.1,30,0,0,$0 or unknown,35.47,-77.43,35.47,-77.43,Pitt County NC
7/12/2003 18:25,F-1,6,200,0,0,$0 or unknown,35.42,-81.62,35.35,-81.58,Cleveland County NC
7/12/2003 19:00,F-1,18,200,0,0,"$2,000 ",35.37,-81.35,35.3,-81.02,Gaston County NC
7/19/2003 12:58,F-1,0.4,60,0,0,$0 or unknown,36.43,-80.12,36.42,-80.12,Stokes County NC
8/6/2003 10:30,F-0,0.1,20,0,0,$0 or unknown,35.37,-76.8,35.37,-76.8,Beaufort County NC
8/6/2003 15:45,F-0,0.2,20,0,0,$0 or unknown,34.72,-76.7,34.72,-76.7,Carteret County NC
8/14/2003 10:01,F-0,0.1,20,0,0,$0 or unknown,34.93,-76.43,34.93,-76.43,Carteret County NC
10/16/2003 17:30,F-1,1.5,35,0,0,$0 or unknown,35.5,-81.23,35.48,-81.2,Lincoln County NC
11/19/2003 13:10,F-0,0,20,0,0,$0 or unknown,35.72,-77.27,35.72,-77.27,Pitt County NC
4/13/2004 12:35,F-0,0.5,25,0,0,$0 or unknown,34.72,-76.7,34.72,-76.7,Carteret County NC
5/2/2004 15:15,F-1,2.3,300,0,0,$0 or unknown,35.5,-78.87,35.5,-78.87,Harnett County NC
6/4/2004 9:41,F-0,0.5,100,0,0,$0 or unknown,35.42,-78.17,35.42,-78.17,Johnston County NC
6/4/2004 10:03,F-0,1,100,0,0,$0 or unknown,35.5,-78.07,35.5,-78.07,Wayne County NC
6/4/2004 10:50,F-0,1,100,0,0,$0 or unknown,35.62,-77.92,35.62,-77.92,Wilson County NC
6/4/2004 12:09,F-0,0.1,25,0,0,$0 or unknown,35.68,-77.47,35.68,-77.47,Pitt County NC
6/4/2004 12:15,F-0,0.1,25,0,0,$0 or unknown,35.72,-77.27,35.72,-77.27,Pitt County NC
6/4/2004 13:35,F-0,0.1,25,0,0,$0 or unknown,35.73,-77,35.73,-77,Martin County NC
6/4/2004 16:15,F-1,0.1,50,1,0,$0 or unknown,35.92,-76.25,35.92,-76.25,Tyrrell County NC
6/7/2004 9:53,F-0,1,25,0,0,$0 or unknown,34.88,-76.45,34.9,-76.42,Carteret County NC
6/7/2004 16:25,F-0,0.1,25,0,0,$0 or unknown,34.78,-76.5,34.78,-76.5,Carteret County NC
6/11/2004 20:00,F-1,6,30,0,0,$0 or unknown,36.18,-76.68,36.1,-76.62,Chowan County NC
6/11/2004 20:43,F-0,0.1,20,0,0,$0 or unknown,35.6,-77.6,35.6,-77.6,Pitt County NC
6/11/2004 21:00,F-0,0.1,20,0,0,$0 or unknown,35.92,-76.25,35.92,-76.25,Tyrrell County NC
6/22/2004 8:30,F-0,1,20,0,0,$0 or unknown,34.67,-77.15,34.68,-77.13,Onslow County NC
6/23/2004 18:35,F-0,0.1,30,0,0,$0 or unknown,35.23,-77.42,35.23,-77.42,Craven County NC
6/23/2004 19:17,F-0,0.1,25,0,0,$0 or unknown,35.12,-77.05,35.12,-77.05,Craven County NC
6/23/2004 19:30,F-0,0.1,30,0,0,$0 or unknown,35.15,-76.77,35.15,-76.77,Pamlico County NC
6/29/2004 17:25,F-0,0.1,20,0,0,$0 or unknown,35.32,-77.73,35.32,-77.73,Lenoir County NC
7/17/2004 15:19,F-0,0.1,10,0,0,$0 or unknown,34.7,-76.73,34.7,-76.73,Carteret County NC
7/17/2004 15:25,F-1,3,35,0,0,$0 or unknown,34.75,-76.57,34.8,-76.57,Carteret County NC
8/12/2004 12:40,F-1,6,50,0,0,$0 or unknown,34.82,-79.58,34.88,-79.45,Scotland County NC
8/12/2004 13:47,F-1,3,100,4,0,$0 or unknown,35.3,-79.12,35.33,-79.07,Harnett County NC
8/12/2004 14:25,F-1,0,20,0,0,$0 or unknown,36.52,-79.53,36.52,-79.53,Rockingham County NC
8/13/2004 1:55,F-2,5,500,29,3,"$1,000 ",34.4,-77.88,34.47,-77.83,Pender County NC
8/13/2004 3:11,F-0,0.1,30,0,0,$0 or unknown,34.9,-77.53,34.9,-77.53,Onslow County NC
8/13/2004 3:53,F-1,0.3,20,3,0,$0 or unknown,34.77,-77.15,34.77,-77.15,Carteret County NC
8/13/2004 5:00,F-1,2,30,0,0,$0 or unknown,35.48,-76.82,35.48,-76.82,Beaufort County NC
8/14/2004 11:30,F-0,0.1,20,0,0,$0 or unknown,34.75,-77.42,34.75,-77.42,Onslow County NC
8/14/2004 13:40,F-0,0.2,20,0,0,$0 or unknown,35.47,-76.38,35.47,-76.38,Hyde County NC
8/14/2004 14:00,F-0,0.1,20,0,0,$0 or unknown,35.53,-77.38,35.53,-77.38,Pitt County NC
8/14/2004 14:15,F-0,0.1,20,0,0,$0 or unknown,35.92,-76.25,35.92,-76.25,Tyrrell County NC
8/14/2004 16:15,F-1,0.2,30,0,0,$0 or unknown,35.95,-75.62,35.95,-75.62,Dare County NC
8/15/2004 12:23,F-0,0.2,20,0,0,$0 or unknown,34.83,-76.75,34.85,-76.77,Carteret County NC; Craven County NC
8/29/2004 8:10,F-0,0.5,20,0,0,$0 or unknown,34.75,-79.45,34.75,-79.45,Scotland County NC
8/29/2004 10:45,F-0,0.5,20,0,0,$0 or unknown,35.28,-78.93,35.28,-78.93,Harnett County NC
8/29/2004 13:25,F-0,1,50,0,0,$0 or unknown,34.98,-79.18,34.98,-79.18,Hoke County NC
9/7/2004 9:45,F-2,2,200,0,0,$0 or unknown,35.08,-81.03,35.1,-81.02,Mecklenburg County NC
9/7/2004 11:38,F-1,10,40,0,0,"$1,000 ",34.3,-78.88,34.48,-78.98,Columbus County NC; Robeson County NC
9/7/2004 12:24,F-1,2,75,0,0,$0 or unknown,34.88,-79.98,34.9,-79.97,Anson County NC
9/7/2004 12:47,F-0,0.1,25,0,0,$0 or unknown,34.62,-79,34.62,-79,Robeson County NC
9/7/2004 13:53,F-1,4.2,40,0,0,$0 or unknown,34.38,-79.13,34.43,-79.18,Robeson County NC
9/7/2004 13:56,F-0,0.5,25,0,0,$0 or unknown,34.95,-79.12,34.95,-79.12,Hoke County NC
9/7/2004 16:10,F-0,1.6,40,0,0,$0 or unknown,34.38,-79.07,34.4,-79.08,Robeson County NC
9/8/2004 2:55,F-0,0.5,50,0,0,$0 or unknown,35.02,-79.07,35.02,-79.07,Hoke County NC
9/8/2004 6:30,F-0,3,100,0,0,$0 or unknown,36.42,-77.43,36.42,-77.43,Northampton County NC
9/8/2004 9:25,F-0,0.5,25,0,0,$0 or unknown,35.25,-79.22,35.25,-79.22,Moore County NC
9/8/2004 9:30,F-0,0.5,50,0,0,$0 or unknown,35.38,-79.28,35.38,-79.28,Lee County NC
9/8/2004 10:45,F-0,0.5,25,0,0,$0 or unknown,35.95,-79.08,35.95,-79.08,Orange County NC
9/8/2004 11:20,F-0,0.5,25,0,0,$0 or unknown,35.35,-79.05,35.35,-79.05,Harnett County NC
9/10/2004 13:28,F-0,0,30,0,0,$0 or unknown,33.97,-78.03,33.97,-78.03,Brunswick County NC
9/10/2004 13:45,F-0,0.2,25,0,0,$0 or unknown,33.93,-78.1,33.93,-78.1,Brunswick County NC
9/17/2004 4:05,F-0,0.9,40,0,0,$0 or unknown,35.37,-81.43,35.37,-81.43,Cleveland County NC
9/17/2004 9:09,F-1,15.3,100,0,0,$0 or unknown,36.18,-79.98,36.38,-79.95,Guilford County NC; Rockingham County NC
9/17/2004 10:55,F-0,0.5,25,0,0,$0 or unknown,35.28,-79.32,35.28,-79.32,Moore County NC
9/17/2004 11:25,F-0,0.5,25,0,0,$0 or unknown,35.72,-79.25,35.72,-79.25,Chatham County NC
9/27/2004 15:41,F-1,8,200,0,0,$0 or unknown,35.17,-79.4,35.25,-79.48,Moore County NC
9/27/2004 16:20,F-0,0.5,25,0,0,$0 or unknown,35.42,-79.48,35.42,-79.48,Moore County NC
9/27/2004 17:30,F-0,4,50,0,0,$0 or unknown,35.7,-78.82,35.75,-78.87,Wake County NC
9/27/2004 17:45,F-0,0.5,25,0,0,$0 or unknown,35.12,-79.73,35.12,-79.73,Richmond County NC
9/27/2004 18:00,F-1,0.2,100,0,0,$0 or unknown,36,-77.35,36,-77.35,Martin County NC
9/27/2004 18:10,F-0,1,50,0,0,$0 or unknown,35.4,-79.8,35.4,-79.8,Montgomery County NC
9/27/2004 21:00,F-1,2,30,0,0,$0 or unknown,35.23,-81.53,35.27,-81.55,Cleveland County NC
10/13/2004 10:50,F-0,0.1,10,0,0,$0 or unknown,35.02,-77.2,35.02,-77.2,Jones County NC
10/13/2004 11:20,F-0,0.1,20,0,0,$0 or unknown,35.1,-77.03,35.1,-77.03,Craven County NC
10/13/2004 12:00,F-0,0.1,20,0,0,$0 or unknown,35.18,-76.85,35.18,-76.85,Pamlico County NC
10/13/2004 12:30,F-0,0.1,20,0,0,$0 or unknown,35.1,-76.72,35.1,-76.72,Pamlico County NC
1/14/2005 0:45,F-2,0.3,100,0,0,"$1,000 ",35.57,-80.38,35.57,-80.38,Rowan County NC
1/14/2005 3:45,F-0,0.3,50,0,0,$0 or unknown,36.15,-79.07,36.15,-79.07,Orange County NC
3/8/2005 6:15,F-0,0.2,50,0,0,$0 or unknown,35.23,-81.2,35.23,-81.2,Gaston County NC
3/8/2005 6:40,F-1,3,50,0,0,$0 or unknown,35.25,-80.82,35.23,-80.77,Mecklenburg County NC
5/20/2005 16:10,F-1,2.6,50,0,0,$0 or unknown,34.15,-78.78,34.23,-78.78,Columbus County NC
6/25/2005 16:40,F-0,1,25,0,0,$0 or unknown,34.7,-76.92,34.7,-76.93,Carteret County NC
7/2/2005 13:15,F-0,0.2,20,0,0,$0 or unknown,36.45,-76.33,36.45,-76.33,Camden County NC
7/7/2005 8:52,F-1,0.7,50,0,0,$0 or unknown,35.2,-81.95,35.2,-81.95,Rutherford County NC
7/7/2005 11:10,F-2,4,100,0,0,$0 or unknown,35.83,-81.17,35.87,-81.13,Alexander County NC
7/7/2005 12:10,F-2,3.5,200,0,0,"$2,000 ",36,-80.75,36.05,-80.72,Iredell County NC
7/7/2005 12:15,F-1,5.1,440,0,0,$0 or unknown,36.07,-80.72,36.12,-80.68,Yadkin County NC
7/7/2005 12:41,F-1,1.4,200,0,0,$0 or unknown,36.15,-80.65,36.15,-80.63,Yadkin County NC
7/7/2005 12:53,F-1,1.1,200,0,0,$0 or unknown,36.13,-80.62,36.13,-80.6,Yadkin County NC
7/7/2005 13:30,F-0,8,100,0,0,$0 or unknown,36.1,-80.42,36.23,-80.3,Forsyth County NC
7/7/2005 13:42,F-0,1,25,0,0,$0 or unknown,36.45,-79.05,36.45,-79.05,Person County NC
7/7/2005 15:20,F-0,5,20,0,0,$0 or unknown,36.18,-79.98,36.23,-79.98,Guilford County NC
7/7/2005 18:40,F-0,12,100,0,0,$0 or unknown,35.38,-79.12,35.52,-78.92,Harnett County NC
7/13/2005 11:35,F-0,0.1,20,0,0,$0 or unknown,34.72,-76.92,34.72,-76.92,Carteret County NC
7/13/2005 14:40,F-1,3,75,0,0,$0 or unknown,35.43,-81.23,35.43,-81.23,Lincoln County NC
7/29/2005 16:57,F-0,0.1,25,0,0,$0 or unknown,36.22,-76.17,36.22,-76.17,Pasquotank County NC
8/27/2005 13:15,F-0,0.1,10,0,0,$0 or unknown,34.68,-76.88,34.68,-76.88,Carteret County NC
8/30/2005 19:30,F-1,0.1,50,0,0,$0 or unknown,35.1,-83.53,35.1,-83.53,Macon County NC
10/22/2005 1:00,F-0,0.1,20,0,0,$0 or unknown,35.32,-77.8,35.32,-77.8,Lenoir County NC
1/13/2006 19:06,F-1,0.5,100,0,0,$0 or unknown,35.28,-81.25,35.28,-81.25,Gaston County NC
1/14/2006 0:39,F-1,0.7,75,0,0,$0 or unknown,35.45,-77.75,35.45,-77.75,Greene County NC
1/14/2006 0:48,F-1,1.5,75,0,0,"$1,000 ",35.43,-77.65,35.43,-77.65,Greene County NC
1/14/2006 2:12,F-1,0.3,50,0,0,$0 or unknown,36.15,-76.43,36.15,-76.43,Perquimans County NC
4/17/2006 15:05,F-1,1,15,0,0,$0 or unknown,34.35,-78.7,34.35,-78.68,Columbus County NC
4/17/2006 15:30,F-0,0.5,25,0,0,$0 or unknown,34.7,-77.48,34.67,-77.42,Onslow County NC
5/14/2006 12:49,F-1,0.2,50,0,0,$0 or unknown,35.45,-80.48,35.45,-80.48,Cabarrus County NC
5/14/2006 15:06,F-0,1,25,0,0,$0 or unknown,35.92,-76.48,35.92,-76.47,Washington County NC
5/14/2006 16:10,F-0,0.5,50,0,0,$0 or unknown,36.05,-78.82,36.05,-78.82,Durham County NC
5/14/2006 16:43,F-0,0.5,50,0,0,$0 or unknown,35.97,-78.37,35.97,-78.37,Franklin County NC
5/14/2006 17:15,F-0,1,100,0,0,$0 or unknown,35.88,-78.12,35.88,-78.12,Nash County NC
5/14/2006 17:45,F-1,1.5,100,0,0,$0 or unknown,35.48,-79.08,35.48,-79.08,Lee County NC
5/14/2006 18:25,F-0,0.1,25,0,0,$0 or unknown,35.8,-77.38,35.8,-77.38,Pitt County NC
5/14/2006 18:46,F-0,0.1,25,0,0,$0 or unknown,35.82,-77.25,35.82,-77.25,Martin County NC
5/14/2006 19:25,F-1,2,150,0,0,$0 or unknown,35.92,-76.25,35.92,-76.25,Tyrrell County NC
5/26/2006 16:14,F-1,2.2,40,0,0,$0 or unknown,35.4,-81.32,35.42,-81.28,Gaston County NC
6/14/2006 10:40,F-0,0.5,25,0,0,$0 or unknown,34.7,-76.73,34.72,-76.7,Carteret County NC
6/14/2006 12:40,F-0,0.1,25,0,0,$0 or unknown,35.23,-75.63,35.23,-75.63,Dare County NC
7/1/2006 10:30,F-0,0.1,25,0,0,$0 or unknown,34.87,-76.38,34.87,-76.38,Carteret County NC
7/23/2006 16:50,F-0,0.1,25,0,0,$0 or unknown,34.9,-77.75,34.9,-77.75,Duplin County NC
7/23/2006 17:30,F-0,0.1,25,0,0,$0 or unknown,34.6,-77.42,34.6,-77.42,Onslow County NC
8/27/2006 13:29,F-0,0.1,25,0,0,$0 or unknown,34.85,-76.42,34.85,-76.42,Carteret County NC
8/31/2006 16:25,F-0,0.1,25,0,0,$0 or unknown,34.72,-76.7,34.72,-76.7,Carteret County NC
8/31/2006 17:05,F-0,0.1,50,0,0,$0 or unknown,34.85,-76.42,34.85,-76.42,Carteret County NC
8/31/2006 19:30,F-0,0.2,25,0,0,$0 or unknown,34.57,-77.42,34.57,-77.42,Onslow County NC
11/15/2006 21:51,F-1,0.1,30,0,0,$0 or unknown,35.25,-81.08,35.25,-81.08,Gaston County NC
11/15/2006 22:15,F-0,0.1,30,0,0,$0 or unknown,35.47,-81.53,35.47,-81.53,Lincoln County NC
11/15/2006 22:22,F-2,1,30,0,0,$0 or unknown,35.53,-81.08,35.51,-81.08,Lincoln County NC
11/15/2006 22:45,F-1,6,40,1,1,$0 or unknown,35.75,-80.82,35.84,-80.82,Iredell County NC
11/16/2006 5:37,F-3,2.15,300,20,8,"$1,000 ",34.34,-78.24,34.36,-78.23,Columbus County NC
11/16/2006 5:41,F-1,5.14,100,0,0,$0 or unknown,34.36,-78.21,34.43,-78.19,Pender County NC
1/5/2007 15:39,F-0,0.25,20,0,0,$0 or unknown,35.24,-81.1,35.24,-81.1,Gaston County NC
3/2/2007 7:40,EF-0,0.1,10,0,0,$0 or unknown,34.75,-76.53,34.75,-76.53,Carteret County NC
7/11/2007 17:00,EF-1,1,100,0,0,$0 or unknown,35.63,-77.07,35.63,-77.05,Beaufort County NC
7/15/2007 6:06,EF-0,0.1,10,0,0,$0 or unknown,35.61,-75.46,35.61,-75.46,Dare County NC
7/17/2007 19:13,EF-0,0.01,20,0,0,$0 or unknown,35.02,-78.03,35.02,-78.03,Duplin County NC
7/17/2007 19:15,EF-0,0.01,10,0,0,$0 or unknown,35.15,-77.99,35.15,-77.99,Duplin County NC
9/14/2007 12:36,EF-0,0.25,50,0,0,$0 or unknown,36.02,-80.38,36.02,-80.38,Forsyth County NC
9/14/2007 14:23,EF-0,0.1,25,0,0,$0 or unknown,35.94,-80.11,35.94,-80.11,Davidson County NC
9/14/2007 16:10,EF-0,1.41,50,0,0,$0 or unknown,35.41,-78.84,35.41,-78.82,Harnett County NC
9/14/2007 16:15,EF-0,0.73,25,0,0,$0 or unknown,35.64,-78.49,35.65,-78.48,Johnston County NC
9/14/2007 16:44,EF-0,0.38,25,0,0,$0 or unknown,35.68,-78.28,35.69,-78.27,Johnston County NC
9/14/2007 16:50,EF-0,0.25,25,0,0,$0 or unknown,35.49,-78.55,35.49,-78.55,Johnston County NC
9/14/2007 17:25,EF-0,0.1,25,0,0,$0 or unknown,35.69,-78.65,35.69,-78.65,Wake County NC
2/18/2008 2:45,EF-2,1.47,150,3,0,"$1,000 ",35.44,-77.58,35.45,-77.55,Greene County NC
2/18/2008 3:30,EF-1,9.78,150,0,0,$0 or unknown,35.63,-77.21,35.67,-77.05,Pitt County NC; Beaufort County NC
2/18/2008 3:50,EF-1,6.2,150,0,0,$0 or unknown,35.8,-77.01,35.81,-76.9,Martin County NC
3/4/2008 15:54,EF-0,2.8,100,0,0,"$2,000 ",36.22,-79.38,36.25,-79.34,Alamance County NC; Caswell County NC
3/4/2008 19:17,EF-0,0.5,25,0,0,$0 or unknown,35.92,-80.5,0,0,Davie County NC
3/4/2008 19:50,EF-0,0.66,75,0,0,$0 or unknown,36.14,-77.6,36.15,-77.59,Halifax County NC
3/15/2008 16:16,EF-0,0.02,10,0,0,$0 or unknown,34.31,-79.04,34.31,-79.04,Columbus County NC
3/15/2008 17:56,EF-1,1.99,100,0,0,"$2,000 ",34.37,-77.71,34.38,-77.68,Pender County NC
4/5/2008 1:55,EF-0,2.89,100,0,0,$0 or unknown,35.12,-77.67,35.15,-77.63,Lenoir County NC
4/12/2008 13:12,EF-0,0.44,20,0,0,$0 or unknown,35.4,-78.15,35.4,-78.14,Wayne County NC
4/12/2008 13:22,EF-0,0.92,20,0,0,$0 or unknown,35.43,-78.03,35.43,-78.01,Wayne County NC
4/12/2008 13:59,EF-0,0.1,20,0,0,$0 or unknown,35.61,-77.57,0,0,Pitt County NC
4/19/2008 18:07,EF-1,4.91,25,0,0,$0 or unknown,35.39,-81.52,35.43,-81.45,Cleveland County NC; Lincoln County NC
4/19/2008 18:21,EF-1,4.26,30,0,0,$0 or unknown,35.47,-81.35,35.48,-81.28,Lincoln County NC
4/20/2008 13:45,EF-0,0.07,20,0,0,$0 or unknown,35.51,-76.99,35.51,-76.99,Beaufort County NC
4/20/2008 14:38,EF-0,0.16,20,0,0,$0 or unknown,35.51,-77.1,35.51,-77.1,Beaufort County NC
4/20/2008 17:05,EF-0,0.2,25,0,0,$0 or unknown,36.03,-77.14,0,0,Bertie County NC
4/28/2008 7:30,EF-0,0.1,40,0,0,$0 or unknown,35.23,-81.4,0,0,Cleveland County NC
4/28/2008 15:25,EF-0,0.18,20,0,0,$0 or unknown,35.57,-76.54,35.57,-76.54,Beaufort County NC
4/28/2008 15:40,EF-0,0.05,20,0,0,$0 or unknown,35.56,-76.43,35.56,-76.43,Hyde County NC
5/8/2008 20:15,EF-2,3.54,100,0,0,$0 or unknown,35.96,-80.46,35.98,-80.39,Davie County NC; Forsyth County NC
5/8/2008 20:25,EF-3,2.9,300,2,0,"$3,000 ",35.98,-80.38,36.01,-80.33,Forsyth County NC
5/8/2008 21:29,EF-2,3.85,200,3,1,"$4,000 ",36.06,-80.02,36.1,-79.98,Guilford County NC
5/9/2008 0:10,EF-2,18.21,75,0,0,"$7,000 ",35.25,-81.18,35.32,-80.87,Gaston County NC; Mecklenburg County NC
5/9/2008 6:29,EF-2,11.7,300,0,0,$0 or unknown,36.2,-76.82,36.29,-76.65,Bertie County NC; Hertford County NC; Chowan County NC
5/9/2008 7:30,EF-0,0.5,50,0,0,$0 or unknown,36.35,-76.26,0,0,Pasquotank County NC
5/11/2008 14:30,EF-0,0.1,20,0,0,$0 or unknown,35.59,-81.62,0,0,Burke County NC
5/11/2008 14:48,EF-0,0.1,20,0,0,$0 or unknown,35.54,-81.41,0,0,Lincoln County NC
5/11/2008 16:03,EF-0,0.15,10,0,0,$0 or unknown,34.28,-77.75,34.28,-77.75,New Hanover County NC
5/11/2008 16:19,EF-0,0.1,20,0,0,$0 or unknown,35.37,-80.55,0,0,Cabarrus County NC
5/11/2008 16:25,EF-2,15,200,2,0,"$1,000 ",36.14,-77.19,36.21,-76.93,Bertie County NC
5/11/2008 16:57,EF-2,4.98,100,6,0,$0 or unknown,34.87,-77.24,34.89,-77.15,Onslow County NC; Jones County NC
5/11/2008 17:28,EF-0,0.2,20,0,0,$0 or unknown,34.84,-77.24,34.84,-77.24,Onslow County NC
5/11/2008 18:06,EF-1,2.71,30,0,0,$0 or unknown,34.73,-76.85,34.74,-76.8,Carteret County NC
5/11/2008 18:17,EF-0,0.31,30,0,0,$0 or unknown,34.74,-76.75,34.74,-76.75,Carteret County NC
5/11/2008 18:27,EF-0,0.06,10,0,0,$0 or unknown,34.74,-76.65,34.74,-76.65,Carteret County NC
6/23/2008 15:34,EF-0,0.16,20,0,0,$0 or unknown,35,-77.46,35,-77.46,Jones County NC
8/7/2008 15:15,EF-0,0.1,50,0,0,$0 or unknown,35.07,-77.4,0,0,Jones County NC
8/27/2008 10:30,EF-0,0.5,50,0,0,$0 or unknown,35.82,-79.8,0,0,Randolph County NC
8/27/2008 11:05,EF-0,0.02,10,0,0,$0 or unknown,34.43,-77.53,34.43,-77.53,Pender County NC
8/27/2008 11:44,EF-0,0.25,50,0,0,$0 or unknown,35.71,-78.33,0,0,Johnston County NC
8/27/2008 11:50,EF-0,4.47,50,0,0,$0 or unknown,35.73,-78.03,35.79,-78,Wilson County NC
8/27/2008 14:08,EF-0,2.63,100,0,0,$0 or unknown,35.78,-79.42,35.8,-79.38,Chatham County NC
8/27/2008 22:57,EF-0,1.38,100,0,0,$0 or unknown,35.58,-77.93,35.6,-77.93,Wayne County NC
9/25/2008 14:15,EF-0,0.29,10,0,0,$0 or unknown,34.55,-77.3,34.55,-77.3,Onslow County NC
9/25/2008 23:00,EF-0,0.5,20,0,0,$0 or unknown,35.59,-77.63,35.59,-77.64,Pitt County NC
9/26/2008 8:53,EF-0,0.6,75,0,0,$0 or unknown,36.22,-77.12,36.23,-77.11,Bertie County NC
11/15/2008 0:35,EF-0,1.1,30,0,0,$0 or unknown,34.79,-78.92,34.81,-78.91,Robeson County NC
11/15/2008 1:15,EF-0,4.3,50,0,0,$0 or unknown,35.09,-78.62,35.14,-78.58,Sampson County NC
11/15/2008 1:42,EF-1,0.86,50,0,0,$0 or unknown,35.34,-78.46,35.35,-78.46,Johnston County NC
11/15/2008 2:03,EF-0,3.28,50,0,0,$0 or unknown,35.46,-78.27,35.49,-78.23,Johnston County NC
11/15/2008 2:10,EF-2,4.09,150,2,1,"$1,000 ",35.58,-78.11,35.62,-78.05,Johnston County NC; Wilson County NC
11/15/2008 2:30,EF-3,8.19,100,4,1,"$1,000 ",35.75,-77.92,35.84,-77.82,Wilson County NC
11/15/2008 3:30,EF-1,1.72,50,0,0,$0 or unknown,35.82,-77.29,35.84,-77.28,Martin County NC
12/11/2008 14:50,EF-1,2.44,30,0,0,$0 or unknown,35.46,-80.45,35.5,-80.44,Cabarrus County NC
3/27/2009 14:32,EF-0,2.33,20,0,0,$0 or unknown,34.5629,-78.9784,34.5902,-78.9543,Robeson County NC
3/27/2009 15:02,EF-2,2.02,50,1,0,$0 or unknown,34.8821,-78.9677,34.9109,-78.962,Robeson County NC
3/27/2009 15:13,EF-1,4.75,50,0,0,$0 or unknown,34.9104,-78.9396,34.9665,-78.8912,Cumberland County NC
3/27/2009 16:05,EF-1,0.73,100,0,0,$0 or unknown,35.4172,-77.6203,35.4252,-77.6118,Greene County NC
3/27/2009 16:35,EF-0,0.39,20,0,0,$0 or unknown,35.1865,-78.5304,35.1915,-78.5273,Sampson County NC
3/27/2009 16:40,EF-0,0.9,20,0,0,$0 or unknown,35.23,-78.511,35.243,-78.5104,Sampson County NC
3/27/2009 16:41,EF-0,2.27,20,0,0,$0 or unknown,35.2458,-78.509,35.2765,-78.4951,Johnston County NC
3/27/2009 17:20,EF-0,0.29,20,0,0,$0 or unknown,35.5157,-78.5053,35.5195,-78.5031,Johnston County NC
3/28/2009 19:08,EF-2,1.6,40,0,0,$0 or unknown,34.5407,-78.673,34.5594,-78.6563,Bladen County NC
3/28/2009 19:36,EF-0,0.08,10,0,0,$0 or unknown,34.7304,-78.5242,34.7315,-78.5236,Bladen County NC
4/6/2009 8:40,EF-2,1.37,100,0,0,$0 or unknown,34.4393,-78.5929,34.449,-78.5719,Bladen County NC
4/6/2009 9:35,EF-0,0.24,30,0,0,$0 or unknown,36.44,-76.61,36.4408,-76.6057,Gates County NC
4/6/2009 9:45,EF-1,2.32,100,0,0,$0 or unknown,34.0009,-78.5781,34.0101,-78.5391,Brunswick County NC
4/11/2009 0:40,EF-0,0.27,10,0,0,$0 or unknown,35.5766,-76.9604,35.5802,-76.9584,Beaufort County NC
5/3/2009 18:38,EF-0,1.3,20,0,0,$0 or unknown,36.4453,-79.986,36.4423,-79.9514,Rockingham County NC
5/5/2009 13:28,EF-0,0.14,10,0,0,$0 or unknown,35.0303,-78.0555,35.0307,-78.053,Duplin County NC
5/5/2009 13:34,EF-0,0.18,10,0,0,$0 or unknown,35.0136,-77.9792,35.0141,-77.9762,Duplin County NC
5/5/2009 14:05,EF-0,0.02,25,0,0,$0 or unknown,35.2012,-77.7474,35.2014,-77.7472,Lenoir County NC
5/5/2009 14:25,EF-0,0.44,25,0,0,$0 or unknown,35.5926,-78.2648,35.5956,-78.2579,Johnston County NC
5/5/2009 14:44,EF-2,2.77,100,1,0,"$2,000 ",35.679,-78.1077,35.7138,-78.0832,Wilson County NC
5/5/2009 15:25,EF-0,0.26,10,0,0,$0 or unknown,35.4137,-77.2538,35.4121,-77.2579,Craven County NC
5/5/2009 15:26,EF-1,7.16,30,0,0,$0 or unknown,35.6745,-78.2769,35.7435,-78.1819,Johnston County NC; Nash County NC
5/5/2009 15:30,EF-0,0.23,10,0,0,$0 or unknown,35.4679,-77.2823,35.4702,-77.2794,Pitt County NC
5/7/2009 16:25,EF-0,0.12,10,0,0,$0 or unknown,35.3,-77.17,35.3011,-77.1685,Craven County NC
5/7/2009 16:27,EF-0,0.11,10,0,0,$0 or unknown,35.2954,-77.1818,35.2962,-77.1801,Craven County NC
5/7/2009 17:00,EF-0,0.15,10,0,0,$0 or unknown,34.718,-77.3398,34.7192,-77.3377,Onslow County NC
5/8/2009 21:44,EF-2,4.92,200,6,0,$0 or unknown,36.5601,-81.041,36.5408,-80.9556,Alleghany County NC
5/8/2009 21:46,EF-1,0.32,30,0,0,$0 or unknown,36.5489,-81.0124,36.5486,-81.0066,Alleghany County NC
6/16/2009 15:42,EF-0,1.11,50,0,0,$0 or unknown,35.405,-81.48,35.389,-81.48,Cleveland County NC
6/16/2009 16:00,EF-1,9.27,300,0,0,$0 or unknown,35.331,-81.432,35.199,-81.403,Cleveland County NC
7/17/2009 15:23,EF-0,0.52,20,0,0,$0 or unknown,35.58,-76.91,35.5842,-76.9024,Beaufort County NC
7/17/2009 18:12,EF-0,1.17,100,0,0,$0 or unknown,35.4918,-76.9766,35.4832,-76.9587,Beaufort County NC
3/28/2010 15:37,EF-1,0.13,100,0,0,"$1,000 ",35.2346,-81.0166,35.2363,-81.0155,Gaston County NC
3/28/2010 16:46,EF-2,5,200,5,0,"$2,000 ",35.691,-80.431,35.7351,-80.3638,Rowan County NC; Davidson County NC
3/28/2010 17:15,EF-3,4.29,250,0,0,"$11,000 ",35.9616,-80.0785,36.0447,-80.002,Davidson County NC; Guilford County NC
3/28/2010 21:55,EF-1,4.05,75,0,0,$0 or unknown,36.2677,-78.9007,36.3111,-78.8518,Person County NC
4/25/2010 1:00,EF-1,1.5,60,0,0,$0 or unknown,35.08,-83.82,35.08,-83.82,Clay County NC
4/25/2010 17:59,EF-0,3.87,75,0,0,$0 or unknown,35.8303,-78.3232,35.845,-78.2565,Wake County NC
7/13/2010 14:50,EF-1,3.2,650,0,0,"$1,000 ",35.506,-81.076,35.531,-81.028,Lincoln County NC
7/13/2010 14:59,EF-1,0.28,100,0,0,$0 or unknown,35.523,-80.997,35.527,-80.996,Lincoln County NC
7/20/2010 15:15,EF-0,0.15,30,0,0,$0 or unknown,36.37,-76.31,36.3714,-76.3079,Pasquotank County NC
7/26/2010 19:38,EF-0,1.8,100,0,0,$0 or unknown,36.51,-80.85,36.49,-80.83,Surry County NC
9/27/2010 21:13,EF-1,2.59,75,0,0,$0 or unknown,35.647,-81.787,35.68,-81.765,Burke County NC
9/29/2010 20:15,EF-0,0.15,20,0,0,$0 or unknown,35.8525,-76.7518,35.8546,-76.7524,Washington County NC
10/26/2010 17:08,EF-2,2.58,200,11,0,"$1,000 ",35.544,-81.482,35.566,-81.445,Lincoln County NC
10/26/2010 17:12,EF-0,0.74,100,0,0,$0 or unknown,35.566,-81.444,35.573,-81.434,Catawba County NC
10/26/2010 17:44,EF-2,2.53,100,0,0,"$7,000 ",35.703,-81.158,35.725,-81.122,Catawba County NC
10/26/2010 18:03,EF-0,0.45,40,0,0,$0 or unknown,35.268,-82.038,35.271,-82.031,Polk County NC
10/26/2010 18:15,EF-0,0.27,30,0,0,$0 or unknown,35.316,-81.922,35.319,-81.919,Rutherford County NC
10/26/2010 21:14,EF-1,2.25,200,0,0,$0 or unknown,36.343,-80.295,36.363,-80.263,Stokes County NC
10/26/2010 21:35,EF-0,0.42,75,0,0,$0 or unknown,35.557,-80.962,35.559,-80.955,Catawba County NC
10/26/2010 21:36,EF-0,1.79,75,0,0,$0 or unknown,35.556,-80.962,35.574,-80.939,Iredell County NC
10/27/2010 13:58,EF-0,0.56,50,0,0,$0 or unknown,36.37,-79.15,36.37,-79.14,Person County NC
10/27/2010 14:13,EF-1,0.56,50,0,0,$0 or unknown,36.39,-78.95,36.39,-78.94,Person County NC
10/27/2010 15:30,EF-1,2.87,50,0,0,$0 or unknown,36.19,-79.22,36.2,-79.17,Orange County NC
10/27/2010 16:15,EF-0,4.66,100,0,0,$0 or unknown,36.33,-78.71,36.35,-78.63,Granville County NC
10/27/2010 16:50,EF-0,2.87,50,0,0,$0 or unknown,36.38,-78.38,36.39,-78.33,Vance County NC
10/27/2010 17:05,EF-1,0.9,200,0,0,"$1,000 ",36.26,-80.36,36.2667,-80.3462,Stokes County NC
3/6/2011 16:10,EF-0,2.34,50,1,0,$0 or unknown,35.926,-78.4534,35.9431,-78.4173,Wake County NC
3/6/2011 17:17,EF-0,0.56,30,0,0,$0 or unknown,35.56,-77.81,35.56,-77.8,Greene County NC
4/4/2011 23:25,EF-1,2.68,250,0,0,"$1,000 ",36.3951,-80.5721,36.4109,-80.5281,Surry County NC
4/9/2011 14:50,EF-0,0.53,75,3,0,$0 or unknown,35.368,-81.512,35.362,-81.506,Cleveland County NC
4/16/2011 10:41,EF-1,4.05,100,0,0,$0 or unknown,35.729,-80.508,35.777,-80.464,Rowan County NC; Davie County NC
4/16/2011 10:59,EF-0,2.99,50,0,0,$0 or unknown,35.01,-80.57,35.04,-80.532,Union County NC
4/16/2011 12:06,EF-1,10.72,300,0,0,"$1,000 ",36.1733,-79.4516,36.2729,-79.3049,Alamance County NC; Caswell County NC
4/16/2011 12:40,EF-2,26.24,300,6,0,"$1,000 ",36.4501,-79.002,36.7206,-78.6712,
4/16/2011 12:53,EF-3,65.23,500,103,6,"$127,000 ",35.3378,-79.313,35.9527,-78.4122,Moore County NC; Lee County NC; Chatham County NC; Wake County NC
4/16/2011 13:33,EF-1,0.69,50,0,0,"$2,000 ",34.5314,-79.3002,34.5359,-79.2894,Robeson County NC
4/16/2011 13:47,EF-1,1.48,352,0,0,"$3,000 ",34.6777,-79.0098,34.6866,-78.9861,Robeson County NC
4/16/2011 14:25,EF-2,29.88,800,13,3,"$11,000 ",34.8417,-78.6563,35.0944,-78.2282,Bladen County NC; Cumberland County NC; Sampson County NC
4/16/2011 14:50,EF-1,8.59,100,0,0,$0 or unknown,35.5104,-78.2618,35.5925,-78.1471,Johnston County NC
4/16/2011 14:58,EF-2,13.13,440,0,1,"$3,000 ",34.5398,-78.7875,34.6485,-78.5981,Bladen County NC
4/16/2011 15:12,EF-0,0.21,30,0,0,$0 or unknown,35.1238,-78.134,35.1244,-78.1304,Duplin County NC
4/16/2011 15:20,EF-2,8.18,300,0,0,"$1,000 ",36.4152,-77.7031,36.4731,-77.6085,Halifax County NC; Northampton County NC
4/16/2011 15:32,EF-3,20.42,400,30,0,"$30,000 ",35.3636,-77.8427,35.5476,-77.6344,Wayne County NC; Lenoir County NC; Greene County NC
4/16/2011 15:33,EF-0,0.22,25,0,0,$0 or unknown,34.4216,-78.7303,34.4234,-78.7271,Columbus County NC
4/16/2011 15:59,EF-1,3.29,75,5,0,"$1,000 ",35.582,-77.5974,35.6176,-77.5586,Pitt County NC
4/16/2011 16:05,EF-1,1.1,50,0,0,$0 or unknown,34.1989,-78.7435,34.2108,-78.7306,Columbus County NC
4/16/2011 16:35,EF-0,0.64,150,0,0,$0 or unknown,34.9171,-77.9365,34.9201,-77.9259,Duplin County NC
4/16/2011 16:55,EF-3,17.88,1300,58,12,"$3,000 ",36.087,-76.9502,36.2861,-76.7461,Bertie County NC; Hertford County NC
4/16/2011 17:05,EF-2,17.51,500,8,0,"$1,000 ",36.2102,-76.7827,36.4124,-76.5966,Bertie County NC; Hertford County NC; Gates County NC
4/16/2011 17:07,EF-2,2.41,200,0,0,$0 or unknown,34.996,-77.64,35.008,-77.6,Jones County NC
4/16/2011 17:09,EF-0,0.11,75,0,0,$0 or unknown,35.8893,-77.1744,35.8904,-77.1728,Martin County NC
4/16/2011 17:40,EF-0,0.14,30,0,0,$0 or unknown,35.3396,-77.1788,35.3414,-77.1776,Craven County NC
4/16/2011 18:08,EF-0,0.6,30,0,0,$0 or unknown,35.47,-76.81,35.4758,-76.8022,Beaufort County NC
4/16/2011 18:11,EF-3,3.76,450,30,0,"$9,000 ",34.7335,-77.3765,34.7627,-77.3205,Onslow County NC
4/16/2011 18:43,EF-2,4.07,200,7,0,"$4,000 ",34.95,-77.01,34.9884,-76.9555,Craven County NC
4/16/2011 18:52,EF-0,0.12,30,0,0,$0 or unknown,35.0278,-76.9066,35.0292,-76.9054,Pamlico County NC
4/16/2011 19:01,EF-1,7.42,550,0,0,$0 or unknown,35.85,-76.21,35.91,-76.1,Tyrrell County NC
4/16/2011 19:30,EF-1,2.02,200,0,0,$0 or unknown,36.0968,-75.8325,36.1157,-75.8049,Currituck County NC
4/16/2011 19:35,EF-1,0.67,250,0,0,"$1,000 ",36.159,-75.7524,36.166,-75.744,Dare County NC
4/26/2011 12:15,EF-0,0.11,30,0,0,$0 or unknown,35.8268,-77.0917,35.8283,-77.0912,Martin County NC
4/27/2011 20:45,EF-0,0.07,50,0,0,$0 or unknown,35.9145,-82.9014,35.9151,-82.9004,Madison County NC
4/27/2011 22:31,EF-0,0.24,30,0,0,$0 or unknown,35.0199,-83.3064,35.0227,-83.3039,Macon County NC
4/28/2011 1:22,EF-1,4.45,100,1,0,$0 or unknown,35.847,-81.432,35.884,-81.367,Caldwell County NC
4/28/2011 1:33,EF-1,4.32,75,0,0,$0 or unknown,35.909,-81.322,35.944,-81.258,Alexander County NC
4/28/2011 13:00,EF-1,1.37,100,0,0,$0 or unknown,34.828,-78.146,34.842,-78.129,Duplin County NC
4/28/2011 13:43,EF-0,0.57,20,0,0,$0 or unknown,34.3734,-78.4207,34.3796,-78.414,Columbus County NC
4/28/2011 14:07,EF-1,0.31,60,0,0,$0 or unknown,34.5097,-78.1949,34.5135,-78.1921,Pender County NC
4/28/2011 14:10,EF-0,6.29,50,0,0,$0 or unknown,34.5128,-78.185,34.5679,-78.097,Pender County NC
4/28/2011 14:20,EF-0,0.06,50,0,0,$0 or unknown,35.2993,-77.3222,35.2995,-77.3212,Craven County NC
4/28/2011 14:29,EF-1,3.08,60,0,0,$0 or unknown,34.6007,-78.0641,34.6358,-78.0308,Pender County NC
4/28/2011 14:30,EF-0,0.07,30,0,0,$0 or unknown,35.814,-76.832,35.8148,-76.8311,Martin County NC
4/28/2011 14:38,EF-0,0.24,30,0,0,$0 or unknown,34.6752,-77.9986,34.678,-77.996,Pender County NC
4/28/2011 15:23,EF-0,0.31,30,0,0,$0 or unknown,35.679,-76.634,35.6826,-76.6307,Beaufort County NC
8/6/2011 9:25,EF-0,2.54,75,0,0,$0 or unknown,35.59,-77.92,35.59,-77.8749,Wilson County NC
8/18/2011 8:15,EF-0,0.33,20,0,0,$0 or unknown,34.0311,-77.8923,34.0286,-77.8972,New Hanover County NC
8/18/2011 15:35,EF-0,0.36,150,0,0,"$1,000 ",35.896,-81.143,35.891,-81.141,Alexander County NC
8/26/2011 19:12,EF-1,4.4,75,0,0,$0 or unknown,35.5526,-76.5442,35.5546,-76.6283,Beaufort County NC
8/26/2011 20:12,EF-0,0.1,50,0,0,$0 or unknown,35.8846,-76.4188,35.885,-76.4206,Washington County NC
8/26/2011 21:55,EF-2,0.49,50,0,0,$0 or unknown,35.9185,-76.2233,35.9196,-76.2147,Tyrrell County NC
9/5/2011 15:20,EF-1,1.32,250,0,0,"$1,000 ",36.371,-81.086,36.39,-81.083,Wilkes County NC
9/5/2011 17:51,EF-0,0.47,40,0,0,$0 or unknown,35.067,-80.556,35.073,-80.552,Union County NC
9/5/2011 18:53,EF-0,4.15,100,0,0,$0 or unknown,35.42,-80.29,35.48,-80.29,Stanly County NC
9/6/2011 4:40,EF-0,1.28,25,0,0,$0 or unknown,35.1558,-79.4395,35.1728,-79.4306,Moore County NC
9/6/2011 17:41,EF-0,0.88,60,0,0,$0 or unknown,34.8092,-79.0624,34.8219,-79.0634,Robeson County NC
9/29/2011 2:10,EF-1,0.05,10,1,0,$0 or unknown,35.8899,-76.2484,35.8899,-76.2484,Tyrrell County NC
11/16/2011 15:25,EF-0,0.35,50,0,0,$0 or unknown,35.318,-81.498,35.321,-81.493,Cleveland County NC
11/16/2011 17:05,EF-2,12.51,200,15,2,"$21,000 ",35.7321,-80.2103,35.8033,-80.053,Davidson County NC; Randolph County NC
11/16/2011 22:14,EF-0,1.67,50,0,0,$0 or unknown,36.53,-77.11,36.53,-77.08,Hertford County NC
1/11/2012 16:21,EF-2,3.8,200,10,0,$0 or unknown,35.351,-81.794,35.398,-81.759,Rutherford County NC
1/11/2012 17:03,EF-2,4.15,300,8,0,"$13,000 ",35.659,-81.485,35.71,-81.446,Burke County NC
1/11/2012 17:17,EF-0,0.12,75,0,0,$0 or unknown,35.7587,-81.3777,35.7602,-81.3767,Caldwell County NC
3/2/2012 13:52,EF-0,0.13,40,0,0,$0 or unknown,35.536,-83.434,35.537,-83.432,Swain County NC
3/2/2012 18:44,EF-2,21.5,400,0,0,"$2,000 ",35.0945,-84.2639,35.1165,-83.8853,Cherokee County NC
3/2/2012 20:03,EF-0,1.75,100,0,0,$0 or unknown,35.1845,-83.187,35.184,-83.156,Jackson County NC
3/3/2012 1:35,EF-2,2.94,200,4,0,"$3,000 ",35.257,-80.687,35.269,-80.637,Mecklenburg County NC; Cabarrus County NC
3/21/2012 9:00,EF-0,0.05,10,0,0,$0 or unknown,35.73,-76.63,35.73,-76.63,Washington County NC
5/14/2012 10:55,EF-1,1.98,100,0,0,$0 or unknown,34.827,-79.834,34.844,-79.806,Richmond County NC
5/30/2012 8:34,EF-1,0.57,250,0,0,"$1,000 ",34.73,-77.1,34.73,-77.11,Carteret County NC
6/1/2012 15:18,EF-0,0.56,50,0,0,$0 or unknown,36.28,-76.29,36.28,-76.28,Pasquotank County NC
7/10/2012 15:40,EF-0,0.12,20,0,0,$0 or unknown,35.42,-76.07,35.4184,-76.0692,Hyde County NC
7/30/2012 8:40,EF-0,0.5,20,0,0,$0 or unknown,35.8118,-75.5487,35.8125,-75.5631,Dare County NC
7/30/2012 9:01,EF-0,1,20,0,0,$0 or unknown,35.8288,-75.617,35.8355,-75.6329,Dare County NC
8/11/2012 15:09,EF-1,0.21,40,0,0,$0 or unknown,35.605,-77.817,35.608,-77.816,Wilson County NC
8/19/2012 12:19,EF-0,0.01,20,0,0,$0 or unknown,35.6083,-75.4663,35.6083,-75.4663,Dare County NC
9/18/2012 13:38,EF-0,0.51,30,0,0,$0 or unknown,35.82,-78.34,35.827,-78.337,Wake County NC
9/18/2012 14:20,EF-0,4.98,300,0,0,$0 or unknown,35.04,-77.46,35.07,-77.38,Jones County NC
10/1/2012 15:22,EF-0,0.31,30,0,0,$0 or unknown,34.3277,-78.5773,34.3317,-78.5748,Columbus County NC
10/1/2012 15:58,EF-0,0.14,20,0,0,$0 or unknown,34.4111,-78.4724,34.4125,-78.4707,Bladen County NC
10/1/2012 16:15,EF-0,2.08,25,0,0,$0 or unknown,34.3807,-78.9451,34.4105,-78.9505,Columbus County NC
10/1/2012 16:18,EF-0,2.87,20,0,0,$0 or unknown,34.4358,-78.4397,34.4628,-78.4014,Bladen County NC
12/26/2012 13:58,EF-1,0.91,100,0,0,$0 or unknown,34.79,-76.67,34.803,-76.667,Carteret County NC
2/26/2013 19:18,EF-0,0.49,75,0,0,$0 or unknown,35.5817,-78.2475,35.5852,-78.2399,Johnston County NC
6/6/2013 23:22,EF-0,0.09,20,0,0,$0 or unknown,33.9406,-78.2504,33.9418,-78.2509,Brunswick County NC
6/10/2013 18:05,EF-1,0.57,50,0,0,$0 or unknown,34.81,-77.41,34.81,-77.4,Onslow County NC
6/13/2013 14:10,EF-1,1.88,100,1,0,$0 or unknown,35.74,-83.179,35.721,-83.155,Haywood County NC
6/18/2013 16:30,EF-0,1.25,150,0,0,$0 or unknown,35.9757,-78.3932,35.9782,-78.3744,Franklin County NC
7/2/2013 10:25,EF-0,0.43,180,0,0,$0 or unknown,36.513,-79.0828,36.5192,-79.0818,Person County NC
9/21/2013 15:58,EF-1,0.53,90,0,0,$0 or unknown,36.2626,-80.3776,36.2666,-80.3696,Stokes County NC
9/22/2013 2:39,EF-0,0.21,20,0,0,$0 or unknown,33.9298,-78.2779,33.9322,-78.2758,Brunswick County NC
11/26/2013 21:15,EF-2,0.36,200,2,0,"$3,000 ",34.697,-76.774,34.702,-76.772,Carteret County NC
11/26/2013 21:17,EF-1,3.22,200,0,0,"$4,000 ",34.7224,-76.757,34.762,-76.7271,Carteret County NC
2/21/2014 11:15,EF-0,0.49,25,0,0,$0 or unknown,34.6697,-79.2903,34.6759,-79.286,Robeson County NC
2/21/2014 11:38,EF-0,0.16,35,0,0,$0 or unknown,34.7993,-78.9753,34.8014,-78.9741,Robeson County NC
2/21/2014 12:26,EF-1,0.83,175,0,0,$0 or unknown,35.277,-78.258,35.287,-78.25,Wayne County NC
3/29/2014 18:57,EF-0,0.18,145,0,0,$0 or unknown,35.591,-78.6905,35.5933,-78.6892,Wake County NC
3/29/2014 19:08,EF-0,0.12,75,0,0,$0 or unknown,35.6539,-78.6334,35.6548,-78.6317,Wake County NC
4/7/2014 13:49,EF-2,4.7,300,5,0,"$1,000 ",35.57,-76.66,35.59,-76.58,Beaufort County NC
4/7/2014 14:00,EF-1,1.32,200,0,0,$0 or unknown,35.6,-76.54,35.61,-76.52,Hyde County NC
4/24/2014 13:59,EF-1,1.86,75,0,0,$0 or unknown,36.2015,-77.9465,36.2148,-77.9174,Halifax County NC
4/25/2014 14:38,EF-0,0.27,50,0,0,$0 or unknown,35.479,-77.782,35.482,-77.779,Greene County NC
4/25/2014 14:46,EF-1,4.18,125,0,0,$0 or unknown,35.53,-77.74,35.59,-77.73,Greene County NC
4/25/2014 15:18,EF-0,0.01,20,0,0,$0 or unknown,35.6,-77.46,35.6,-77.46,Pitt County NC
4/25/2014 17:20,EF-2,37.48,400,1,1,"$2,000 ",36.054,-76.74,36.348,-76.036,Bertie County NC; Chowan County NC; Perquimans County NC; Pasquotank County NC
4/25/2014 17:22,EF-2,1.13,75,0,0,"$1,000 ",35.47,-77.26,35.47,-77.24,Pitt County NC
4/25/2014 17:35,EF-3,20.99,350,16,0,"$15,000 ",35.51,-77.12,35.55,-76.75,Beaufort County NC
4/25/2014 17:50,EF-1,6.21,200,0,0,$0 or unknown,36.2,-76.28,36.27,-76.21,Pasquotank County NC
4/25/2014 18:12,EF-0,0.47,50,0,0,$0 or unknown,36.338,-76.241,36.344,-76.237,Pasquotank County NC
4/25/2014 18:28,EF-0,0.83,30,0,0,$0 or unknown,36.1985,-75.871,36.2042,-75.8579,Currituck County NC
4/29/2014 12:25,EF-0,0.04,25,0,0,$0 or unknown,35.17,-77.35,35.1701,-77.3493,Craven County NC
4/29/2014 13:52,EF-1,1.72,200,0,0,$0 or unknown,35.02,-78.682,35.0397,-78.6633,Cumberland County NC
4/29/2014 16:09,EF-0,4.15,100,0,0,$0 or unknown,35.848,-77.434,35.906,-77.415,Edgecombe County NC
4/29/2014 17:49,EF-0,0.02,25,0,0,$0 or unknown,35.441,-77.7891,35.4411,-77.7888,Greene County NC
4/29/2014 18:10,EF-1,0.81,100,0,0,$0 or unknown,35.1491,-78.3948,35.16,-78.4,Sampson County NC
5/15/2014 4:46,EF-0,0.5,40,0,0,$0 or unknown,35.1297,-80.9008,35.1364,-80.8974,Mecklenburg County NC
5/15/2014 16:10,EF-1,0.76,150,0,0,$0 or unknown,35.9538,-78.9347,35.9647,-78.9357,Durham County NC
7/3/2014 14:36,EF-1,0.77,200,0,0,$0 or unknown,34.805,-78.009,34.808,-78.022,Duplin County NC
7/3/2014 18:50,EF-1,1.13,100,0,0,$0 or unknown,35.9565,-77.2038,35.9604,-77.2234,Martin County NC
7/3/2014 21:25,EF-0,0.9,30,0,0,$0 or unknown,36.34,-76.98,36.3516,-76.9874,Hertford County NC
9/8/2014 14:45,EF-2,0.15,100,1,0,$0 or unknown,34.828,-77.902,34.83,-77.901,Duplin County NC
10/14/2014 18:48,EF-0,0.5,100,0,0,$0 or unknown,35.55,-82.07,35.56,-82.06,McDowell County NC
12/24/2014 9:30,EF-1,0.2,25,1,0,$0 or unknown,34.3124,-77.917,34.3146,-77.9147,New Hanover County NC
5/11/2015 15:10,EF-0,0.51,30,0,0,$0 or unknown,35.8918,-75.6749,35.8981,-75.6702,Dare County NC
5/21/2015 14:13,EF-1,5.18,100,0,0,$0 or unknown,34.3227,-78.3549,34.2852,-78.2764,Columbus County NC
6/4/2015 0:00,EF-0,0.13,100,0,0,$0 or unknown,35.9681,-76.2268,35.9699,-76.2261,Tyrrell County NC
6/13/2015 15:50,EF-1,0.28,75,0,0,$0 or unknown,35.8325,-77.0697,35.8287,-77.0677,Martin County NC
6/27/2015 15:30,EF-0,0.03,25,0,0,$0 or unknown,34.2759,-78.1189,34.2758,-78.1183,Brunswick County NC
6/27/2015 15:46,EF-1,0.49,100,0,0,$0 or unknown,35.5541,-79.2455,35.5519,-79.2373,Lee County NC
6/27/2015 18:23,EF-1,0.67,175,0,0,$0 or unknown,34.5834,-79.1635,34.5819,-79.1519,Robeson County NC
6/27/2015 18:45,EF-1,0.05,100,0,0,$0 or unknown,34.5908,-78.9222,34.5907,-78.9214,Robeson County NC
12/28/2015 15:58,EF-0,0.9,75,0,0,$0 or unknown,34.877,-80.526,34.89,-80.522,Union County NC
2/3/2016 12:02,EF-0,1.03,50,0,0,"$127,000 ",35.7989,-80.3185,35.8031,-80.3009,Davidson County NC
2/3/2016 12:14,EF-1,1.67,100,0,0,"$127,000 ",35.8451,-80.1522,35.8583,-80.1273,Davidson County NC
2/16/2016 7:51,EF-1,4.23,167,0,0,"$127,000 ",34.8206,-76.4499,34.8807,-76.4358,Carteret County NC
2/24/2016 11:57,EF-0,0.54,150,0,0,"$127,000 ",34.998,-78.089,35.0056,-78.0864,Duplin County NC
2/24/2016 12:10,EF-0,1.01,75,0,0,"$127,000 ",35.2169,-77.9213,35.2273,-77.9086,Wayne County NC
2/24/2016 12:13,EF-1,0.17,100,0,0,"$127,000 ",35.16,-77.974,35.1621,-77.9726,Duplin County NC
2/24/2016 13:54,EF-0,0.48,50,0,0,"$127,000 ",36.1953,-76.7638,36.2012,-76.7591,Bertie County NC
2/24/2016 15:00,EF-1,0.43,30,0,0,"$127,000 ",36.0594,-78.945,36.0629,-78.9386,Durham County NC
2/24/2016 15:32,EF-2,5.07,125,0,0,"$127,000 ",36.3496,-78.5443,36.395,-78.4727,Granville County NC; Vance County NC
5/5/2016 12:28,EF-1,1.8,75,1,0,"$127,000 ",34.2506,-77.8175,34.2689,-77.7951,New Hanover County NC
6/25/2016 11:45,EF-0,0.46,30,1,0,"$127,000 ",34.7,-76.9971,34.6972,-77.0081,Carteret County NC
9/2/2016 19:20,EF-1,0.15,50,0,0,"$127,000 ",34.724,-76.573,34.726,-76.574,Carteret County NC
9/2/2016 19:23,EF-1,0.35,50,0,0,"$127,000 ",34.725,-76.508,34.73,-76.507,Carteret County NC
9/2/2016 23:02,EF-0,0.07,25,3,0,"$127,000 ",35.2135,-75.6957,35.2145,-75.6955,Dare County NC
10/8/2016 12:50,EF-0,0.93,250,0,0,"$127,000 ",35.323,-77.8625,35.329,-77.8773,Wayne County NC
11/30/2016 17:26,EF-1,2.37,150,0,0,"$127,000 ",35.124,-80.953,35.143,-80.918,Mecklenburg County NC
2/15/2017 10:53,EF-1,3.18,60,0,0,"$127,000 ",34.006,-78.6088,34.009,-78.5534,Brunswick County NC
3/31/2017 17:15,EF-1,4.8,100,0,0,"$127,000 ",36.2081,-76.9334,36.2213,-76.8488,Bertie County NC
5/1/2017 14:54,EF-0,2.67,50,0,0,"$127,000 ",35.61,-81.2,35.64,-81.17,Catawba County NC
5/5/2017 2:12,EF-0,3.26,375,0,0,"$127,000 ",36.4869,-79.7452,36.534,-79.7494,Rockingham County NC
5/5/2017 4:21,EF-1,1,250,0,0,"$127,000 ",36.365,-78.559,36.3792,-78.553,Granville County NC
5/5/2017 6:27,EF-0,11.71,100,0,0,"$127,000 ",36.0815,-76.7552,36.23,-76.6551,Bertie County NC; Chowan County NC
5/5/2017 7:02,EF-0,8.12,75,0,0,"$127,000 ",36.3144,-76.1431,36.4283,-76.1317,Camden County NC; Currituck County NC
5/23/2017 14:38,EF-0,2.24,30,0,0,"$127,000 ",34.9156,-79.0695,34.9239,-79.0313,Robeson County NC
5/23/2017 15:38,EF-1,13.74,100,1,0,"$127,000 ",35,-78.64,35.0469,-78.404,Sampson County NC
5/23/2017 17:16,EF-1,0.6,40,0,0,$0 or unknown,35.706,-76.132,35.714,-76.126,Tyrrell County NC
5/24/2017 14:26,EF-0,1.13,50,0,0,"$127,000 ",35.707,-80.834,35.722,-80.826,Iredell County NC
5/24/2017 14:41,EF-2,3.2,100,0,0,"$127,000 ",35.798,-80.783,35.84,-80.759,Iredell County NC
5/24/2017 15:14,EF-2,5.94,225,1,0,"$127,000 ",36.023,-80.618,36.1025,-80.5728,Davie County NC; Yadkin County NC
5/24/2017 15:21,EF-1,7.38,50,0,0,"$127,000 ",34.819,-80.632,34.902,-80.55,Union County NC
5/24/2017 15:52,EF-2,16.1,700,0,0,"$127,000 ",36.2634,-80.4434,36.4555,-80.2784,Stokes County NC
6/5/2017 18:25,EF-1,0.28,100,0,0,$0 or unknown,35.766,-77.33,35.77,-77.33,Pitt County NC
7/19/2017 10:23,EF-0,0.15,25,0,0,"$127,000 ",34.4181,-77.5553,34.42,-77.5566,Pender County NC
10/8/2017 15:54,EF-0,13.46,100,0,0,"$127,000 ",35.4,-81.618,35.59,-81.56,Cleveland County NC; Burke County NC
10/8/2017 16:34,EF-1,2.19,250,0,0,"$127,000 ",35.683,-81.532,35.746,-81.515,Burke County NC
10/8/2017 16:40,EF-1,0.63,200,0,0,"$127,000 ",35.207,-82.241,35.216,-82.239,Polk County NC
10/8/2017 16:51,EF-0,2.42,100,0,0,"$127,000 ",35.794,-81.499,35.828,-81.489,Caldwell County NC
10/8/2017 17:01,EF-1,6.71,400,0,0,"$127,000 ",35.858,-81.486,35.953,-81.461,Caldwell County NC
10/8/2017 17:45,EF-1,7.08,300,0,0,"$127,000 ",36.1999,-81.4368,36.3018,-81.446,Wilkes County NC; Ashe County NC
10/23/2017 14:40,EF-1,18.55,100,0,0,"$127,000 ",35.182,-81.798,35.415,-81.633,Rutherford County NC; Cleveland County NC
10/23/2017 14:41,EF-0,0.28,100,0,0,$0 or unknown,35.179,-81.706,35.183,-81.705,Cleveland County NC
10/23/2017 15:08,EF-1,12.34,100,0,0,"$127,000 ",35.422,-81.566,35.588,-81.48,Cleveland County NC; Lincoln County NC; Catawba County NC
10/23/2017 15:37,EF-2,4.87,1300,0,0,"$127,000 ",35.743,-81.39,35.792,-81.329,Burke County NC; Catawba County NC
10/23/2017 15:44,EF-1,6.48,750,0,0,$0 or unknown,35.805,-81.339,35.898,-81.324,Caldwell County NC; Alexander County NC
10/23/2017 15:54,EF-1,8.17,200,0,0,$0 or unknown,35.922,-81.287,36.021,-81.207,Alexander County NC
10/23/2017 16:11,EF-1,8.6,275,1,0,"$127,000 ",36.1499,-81.1449,36.274,-81.134,Wilkes County NC
10/23/2017 22:45,EF-0,0.36,50,0,0,"$127,000 ",34.0593,-78.3516,34.0633,-78.3477,Brunswick County NC
3/17/2018 18:17,EF-0,0.63,100,0,0,$0 or unknown,35.0946,-83.9271,35.0934,-83.9161,Cherokee County NC
3/17/2018 18:32,EF-0,1.51,120,0,0,$0 or unknown,35.0759,-83.8679,35.0699,-83.8423,Clay County NC
4/15/2018 15:07,EF-2,32.75,500,5,0,"$127,000 ",36.0468,-79.7597,36.48,-79.534,Guilford County NC; Rockingham County NC
4/15/2018 15:51,EF-1,2.4,175,0,0,"$127,000 ",36.509,-79.51,36.5408,-79.4931,Caswell County NC
4/15/2018 20:35,EF-1,0.74,100,0,0,"$127,000 ",35.8392,-78.4082,35.8499,-78.4086,Wake County NC
9/13/2018 9:04,EF-1,3.18,250,0,0,$0 or unknown,35.3998,-76.2894,35.3854,-76.343,Hyde County NC
9/13/2018 9:23,EF-1,1.27,250,0,0,$0 or unknown,35.3215,-76.5837,35.3052,-76.594,Pamlico County NC
9/13/2018 17:51,EF-1,0.57,250,0,0,$0 or unknown,34.925,-76.806,34.9197,-76.8137,Craven County NC
9/14/2018 8:03,EF-0,0.57,50,0,0,"$127,000 ",35.96,-76.75,35.967,-76.7555,Bertie County NC
9/14/2018 8:57,EF-1,2.74,150,0,0,$0 or unknown,34.8524,-76.5645,34.8868,-76.5886,Carteret County NC
9/14/2018 9:58,EF-1,9.33,150,0,0,$0 or unknown,34.7925,-76.4652,34.8798,-76.5907,Carteret County NC
9/14/2018 11:12,EF-1,8.18,200,0,0,$0 or unknown,34.7745,-76.5536,34.8767,-76.6265,Carteret County NC
9/14/2018 19:12,EF-0,8.97,150,0,0,$0 or unknown,35.1454,-77.6619,35.1894,-77.8113,Lenoir County NC
9/14/2018 19:40,EF-0,8,125,0,0,$0 or unknown,35.052,-77.5145,35.1035,-77.6411,Jones County NC
9/14/2018 20:28,EF-1,4.5,300,0,0,$0 or unknown,34.7704,-77.0973,34.8204,-77.1467,Carteret County NC
9/15/2018 1:00,EF-1,2.5,275,0,0,$0 or unknown,34.6243,-77.2362,34.6595,-77.251,Onslow County NC
9/15/2018 9:45,EF-0,0.49,40,0,0,"$127,000 ",34.3466,-77.6978,34.351,-77.7045,Pender County NC
9/15/2018 17:16,EF-1,0.6,50,0,0,"$127,000 ",34.2912,-77.8335,34.2932,-77.8437,New Hanover County NC
9/15/2018 19:29,EF-0,0.22,50,0,0,$0 or unknown,34.2955,-77.7814,34.2975,-77.7843,New Hanover County NC
9/15/2018 20:41,EF-1,0.39,50,0,0,"$127,000 ",34.5391,-78.1793,34.5421,-78.1852,Pender County NC
9/15/2018 22:02,EF-0,1.3,50,0,0,"$127,000 ",34.2759,-77.7979,34.2884,-77.8149,New Hanover County NC
9/15/2018 22:42,EF-1,2.92,50,0,0,"$127,000 ",34.2176,-77.9007,34.2511,-77.9319,New Hanover County NC
9/15/2018 22:48,EF-1,4.45,50,0,0,$0 or unknown,34.1161,-77.9231,34.1574,-77.9829,New Hanover County NC
9/15/2018 23:51,EF-0,0.17,30,0,0,"$127,000 ",34.15,-77.9,34.1516,-77.9022,New Hanover County NC
9/16/2018 5:24,EF-0,0.09,40,0,0,$0 or unknown,34.14,-78.06,34.1393,-78.0588,Brunswick County NC
9/16/2018 10:09,EF-0,0.1,30,0,0,$0 or unknown,34.31,-77.9,34.3143,-77.8967,New Hanover County NC
9/16/2018 13:35,EF-0,0.14,30,0,0,$0 or unknown,34.62,-79.43,34.6206,-79.4276,Bladen County NC
9/16/2018 14:29,EF-0,0.23,50,0,0,$0 or unknown,34.5789,-79.2565,34.5822,-79.2569,Robeson County NC
9/16/2018 20:38,EF-1,0.27,100,0,0,"$127,000 ",34.1801,-78.8078,34.1819,-78.8037,Columbus County NC
9/16/2018 22:19,EF-0,6.29,1000,0,0,"$127,000 ",34.903,-78.504,34.992,-78.527,Sampson County NC
9/17/2018 1:55,EF-0,0.37,100,0,0,"$127,000 ",35.4707,-77.9517,35.476,-77.9531,Wayne County NC
9/17/2018 5:06,EF-0,0.91,350,0,0,"$127,000 ",35.797,-77.868,35.81,-77.87,Wilson County NC
11/13/2018 3:45,EF-1,2,150,0,0,$0 or unknown,34.6963,-76.7163,34.7233,-76.7065,Carteret County NC
11/24/2018 13:06,EF-0,0.35,70,0,0,$0 or unknown,34.6867,-77.0456,34.6906,-77.0456,Carteret County NC
11/24/2018 13:10,EF-2,2.8,75,0,0,$0 or unknown,34.6809,-76.9226,34.7208,-76.926,Carteret County NC
11/24/2018 13:40,EF-0,0.5,40,0,0,$0 or unknown,34.7797,-76.7349,34.7849,-76.729,Carteret County NC
12/20/2018 16:10,EF-0,0.33,40,0,0,"$127,000 ",34.1738,-77.8812,34.1762,-77.8862,New Hanover County NC
4/12/2019 16:40,EF-0,4.9,100,0,0,"$127,000 ",35.45,-78.95,35.513,-78.91,Harnett County NC
4/15/2019 0:16,EF-0,0.98,50,0,0,"$127,000 ",36.229,-77.8557,36.2363,-77.8406,Halifax County NC
4/19/2019 8:27,EF-0,0.43,50,0,0,"$127,000 ",35.88,-81.94,35.886,-81.938,McDowell County NC
4/19/2019 13:11,EF-1,1.6,300,0,0,"$127,000 ",35.4679,-79.6342,35.4897,-79.6245,Moore County NC
4/19/2019 13:29,EF-0,7.11,100,1,0,"$127,000 ",35.399,-81.282,35.497,-81.244,Gaston County NC; Lincoln County NC
4/19/2019 13:35,EF-1,1.92,150,0,0,"$127,000 ",35.742,-79.4912,35.7663,-79.4747,Chatham County NC
4/19/2019 14:00,EF-2,10.1,600,0,0,"$127,000 ",35.9187,-79.188,36.0418,-79.0906,Orange County NC
4/19/2019 14:10,EF-0,0.53,75,0,0,"$127,000 ",35.949,-81.059,35.956,-81.055,Alexander County NC
4/19/2019 15:01,EF-1,10.15,125,0,0,"$127,000 ",35.1913,-78.5071,35.322,-78.425,Sampson County NC; Johnston County NC
4/19/2019 16:08,EF-1,11.74,350,0,0,"$127,000 ",36.003,-77.8058,36.1631,-77.7334,Nash County NC; Halifax County NC
4/19/2019 16:16,EF-1,10.6,75,0,0,"$127,000 ",36.0435,-77.7097,36.1801,-77.6232,Edgecombe County NC
4/19/2019 16:34,EF-1,14.47,100,0,0,"$127,000 ",36.3707,-77.6371,36.55,-77.54,Halifax County NC; Northampton County NC
4/19/2019 16:39,EF-0,1.5,50,0,0,"$127,000 ",36.49,-77.72,36.52,-77.715,Northampton County NC
4/19/2019 16:44,EF-0,9.75,100,0,0,"$127,000 ",36.4,-77.43,36.53,-77.38,Northampton County NC
5/11/2019 14:40,EF-1,1.1,295,0,0,"$127,000 ",35.202,-80.202,35.1958,-80.1841,Stanly County NC
5/13/2019 8:13,EF-2,17.18,385,0,0,"$127,000 ",35.8275,-78.4399,35.8296,-78.1281,Wake County NC; Nash County NC
6/8/2019 15:08,EF-0,0.15,30,0,0,$0 or unknown,35.304,-81.744,35.306,-81.745,Rutherford County NC
7/23/2019 12:34,EF-0,1.24,175,0,0,"$127,000 ",35.5943,-78.7405,35.5931,-78.7184,Wake County NC
7/23/2019 13:00,EF-1,0.22,100,0,0,$0 or unknown,35.5915,-78.5383,35.5917,-78.5344,Johnston County NC
8/5/2019 8:13,EF-0,0.1,20,0,0,"$127,000 ",34.4299,-77.5491,34.4305,-77.5475,Pender County NC
8/7/2019 13:45,EF-0,0.1,20,0,0,$0 or unknown,34.33,-77.75,34.3302,-77.7482,Pender County NC
9/5/2019 3:19,EF-0,4.12,35,0,0,"$127,000 ",33.9687,-77.9403,34.0011,-78.0007,Brunswick County NC
9/5/2019 3:23,EF-1,2.56,50,0,0,"$127,000 ",34.0623,-78.265,34.0768,-78.3061,Brunswick County NC
9/5/2019 4:17,EF-0,2.47,20,0,0,"$127,000 ",34.2214,-77.8995,34.2484,-77.9278,New Hanover County NC
9/5/2019 4:37,EF-0,2.12,50,0,0,"$127,000 ",34.2519,-78.2469,34.2621,-78.2819,Columbus County NC
9/5/2019 4:39,EF-0,0.31,25,0,0,"$127,000 ",34.2749,-77.8726,34.2777,-77.8769,New Hanover County NC
9/5/2019 4:58,EF-2,9.31,200,1,0,"$127,000 ",33.8736,-78.4796,33.9503,-78.613,Brunswick County NC
9/5/2019 5:21,EF-0,4.87,40,0,0,"$127,000 ",34.4195,-78.2565,34.4641,-78.3227,Bladen County NC
9/5/2019 5:45,EF-0,7.13,40,0,0,"$127,000 ",34.4843,-77.8268,34.5431,-77.9298,Pender County NC
9/5/2019 5:56,EF-0,0.53,30,0,0,"$127,000 ",34.3305,-77.7512,34.3327,-77.7601,Pender County NC
9/5/2019 7:02,EF-2,13,200,0,0,$0 or unknown,34.6564,-77.0524,34.7957,-77.2154,Carteret County NC
9/5/2019 9:48,EF-1,2.86,100,1,0,"$127,000 ",34.278,-77.734,34.304,-77.773,New Hanover County NC
9/5/2019 10:19,EF-1,5.43,60,0,0,"$127,000 ",34.4051,-77.9361,34.4416,-78.0205,Pender County NC
9/5/2019 10:37,EF--9,0.1,50,0,0,$0 or unknown,35.1705,-77.745,35.1705,-77.745,Lenoir County NC
9/5/2019 11:10,EF-0,4.4,20,0,0,"$127,000 ",34.6028,-77.7754,34.6222,-77.8491,Pender County NC
9/5/2019 11:52,EF-0,0.63,125,0,0,"$127,000 ",35.3348,-78.0654,35.3258,-78.0673,Wayne County NC
9/5/2019 12:30,EF-0,5.7,75,0,0,$0 or unknown,35.3502,-77.1198,35.3801,-77.2152,Craven County NC
9/5/2019 14:07,EF-1,0.85,200,0,0,"$127,000 ",35.6821,-77.8204,35.6813,-77.8355,Wilson County NC
9/5/2019 14:31,EF-0,0.12,50,0,0,"$127,000 ",35.5033,-78.3401,35.5042,-78.3382,Johnston County NC
9/5/2019 15:00,EF-0,0.1,75,0,0,$0 or unknown,35.1061,-77.038,35.1069,-77.0391,Craven County NC
9/5/2019 22:38,EF-0,0.1,50,0,0,$0 or unknown,36.27,-76.4402,36.2701,-76.4419,Perquimans County NC
9/5/2019 22:44,EF-0,0.1,50,0,0,"$127,000 ",36.25,-76.5,36.2501,-76.5017,Perquimans County NC
10/22/2019 10:57,EF-0,0.26,50,0,0,$0 or unknown,35.481,-80.77,35.483,-80.766,Cabarrus County NC
10/22/2019 17:43,EF-0,0.04,40,0,0,$0 or unknown,35.3508,-77.1258,35.351,-77.1251,Craven County NC
10/31/2019 23:15,EF-0,0.37,60,0,0,$0 or unknown,34.7394,-77.1094,34.7411,-77.1053,Carteret County NC
