EVENT_ID,CZ_NAME_STR,BEGIN_LOCATION,BEGIN_DATE,BEGIN_TIME,EVENT_TYPE,MAGNITUDE,TOR_F_SCALE,DEATHS_DIRECT,INJURIES_DIRECT,DAMAGE_PROPERTY_NUM,DAMAGE_CROPS_NUM,STATE_ABBR,CZ_TIMEZONE,MAGNITUDE_TYPE,EPISODE_ID,CZ_TYPE,CZ_FIPS,WFO,INJURIES_INDIRECT,DEATHS_INDIRECT,SOURCE,FLOOD_CAUSE,TOR_LENGTH,TOR_WIDTH,BEGIN_RANGE,BEGIN_AZIMUTH,END_RANGE,END_AZIMUTH,END_LOCATION,END_DATE,END_TIME,BEGIN_LAT,BEGIN_LON,END_LAT,END_LON,EVENT_NARRATIVE,EPISODE_NARRATIVE,ABSOLUTE_ROWNUMBER
10075745,ROCKINGHAM CO., ,03/05/1955,1430,Hail,.75, ,0,0,0,0,NC,CST, , ,C,157, ,0,0, , ,0,0,0, ,0, , ,03/05/1955,1430,36.50,-79.68, , ,"","",1
10075746,DURHAM CO., ,03/05/1955,1615,Hail,1.50, ,0,0,0,0,NC,CST, , ,C,63, ,0,0, , ,0,0,0, ,0, , ,03/05/1955,1615,36.20,-78.78, , ,"","",2
10075747,MECKLENBURG CO., ,03/12/1955,120,Hail,1.00, ,0,0,0,0,NC,CST, , ,C,119, ,0,0, , ,0,0,0, ,0, , ,03/12/1955,120,35.20,-80.90, , ,"","",3
10075748,MECKLENBURG CO., ,03/12/1955,1602,Hail,.75, ,0,0,0,0,NC,CST, , ,C,119, ,0,0, , ,0,0,0, ,0, , ,03/12/1955,1602,35.28,-80.90, , ,"","",4
10075751,CO., ,04/06/1955,2100,Hail,1.00, ,0,0,0,0,NC,CST, , ,C,0, ,0,0, , ,0,0,0, ,0, , ,04/06/1955,2100,35.08,-81.08, , ,"","",5
10075752,CATAWBA CO., ,04/11/1955,1500,Hail,2.00, ,0,0,0,0,NC,CST, , ,C,35, ,0,0, , ,0,0,0, ,0, , ,04/11/1955,1500,35.58,-81.40, , ,"","",6
10075753,CO., ,04/24/1955,1400,Hail,2.50, ,0,0,0,0,NC,CST, , ,C,0, ,0,0, , ,0,0,0, ,0, , ,04/24/1955,1400,35.00,-80.90, , ,"","",7
10075754,DURHAM CO., ,04/24/1955,2050,Hail,2.75, ,0,0,0,0,NC,CST, , ,C,63, ,0,0, , ,0,0,0, ,0, , ,04/24/1955,2050,35.88,-78.78, , ,"","",8
10075759,SURRY CO., ,07/03/1955,1500,Hail,.75, ,0,0,0,0,NC,CST, , ,C,171, ,0,0, , ,0,0,0, ,0, , ,07/03/1955,1500,36.38,-80.68, , ,"","",9
10075768,ORANGE CO., ,03/18/1956,1430,Hail,.75, ,0,0,0,0,NC,CST, , ,C,135, ,0,0, , ,0,0,0, ,0, , ,03/18/1956,1430,35.88,-79.00, , ,"","",10
10075775,DAVIDSON CO., ,05/22/1956,1500,Hail,2.00, ,0,0,0,0,NC,CST, , ,C,57, ,0,0, , ,0,0,0, ,0, , ,05/22/1956,1500,35.88,-80.08, , ,"","",11
10075776,LEE CO., ,06/01/1956,1200,Hail,2.00, ,0,0,0,0,NC,CST, , ,C,105, ,0,0, , ,0,0,0, ,0, , ,06/01/1956,1200,35.50,-79.18, , ,"","",12
10078073,NEW HANOVER CO., ,08/12/1957,1215,Hail,1.00, ,0,0,0,0,NC,CST, , ,C,129, ,0,0, , ,0,0,0, ,0, , ,08/12/1957,1215,34.28,-77.90, , ,"","",13
10078082,LENOIR CO., ,03/13/1958,1915,Hail,1.00, ,0,0,0,0,NC,CST, , ,C,107, ,0,0, , ,0,0,0, ,0, , ,03/13/1958,1915,35.28,-77.58, , ,"","",14
10078084,ANSON CO., ,05/07/1958,1430,Hail,2.00, ,0,0,0,0,NC,CST, , ,C,7, ,0,0, , ,0,0,0, ,0, , ,05/07/1958,1430,35.08,-80.00, , ,"","",15
10078086,ROCKINGHAM CO., ,05/23/1958,1730,Hail,.75, ,0,0,0,0,NC,CST, , ,C,157, ,0,0, , ,0,0,0, ,0, , ,05/23/1958,1730,36.38,-80.00, , ,"","",16
10078097,JONES CO., ,06/15/1958,1500,Hail,1.50, ,0,0,0,0,NC,CST, , ,C,103, ,0,0, , ,0,0,0, ,0, , ,06/15/1958,1500,35.00,-77.68, , ,"","",17
10078098,JONES CO., ,06/15/1958,1500,Hail,1.50, ,0,0,0,0,NC,CST, , ,C,103, ,0,0, , ,0,0,0, ,0, , ,06/15/1958,1500,35.00,-77.68, , ,"","",18
10078110,WAKE CO., ,08/15/1958,1540,Hail,1.00, ,0,0,0,0,NC,CST, , ,C,183, ,0,0, , ,0,0,0, ,0, , ,08/15/1958,1540,35.78,-78.78, , ,"","",19
10078119,CABARRUS CO., ,04/28/1959,1655,Hail,1.25, ,0,0,0,0,NC,CST, , ,C,25, ,0,0, , ,0,0,0, ,0, , ,04/28/1959,1655,35.38,-80.58, , ,"","",20
10078127,CO., ,06/03/1959,1300,Hail,1.25, ,0,0,0,0,NC,CST, , ,C,0, ,0,0, , ,0,0,0, ,0, , ,06/03/1959,1300,35.08,-82.50, , ,"","",21
10076863,MECKLENBURG CO., ,08/26/1959,1800,Hail,.75, ,0,0,0,0,NC,CST, , ,C,119, ,0,0, , ,0,0,0, ,0, , ,08/26/1959,1800,35.20,-80.90, , ,"","",22
10076865,ROWAN CO., ,08/26/1959,1930,Hail,1.75, ,0,0,0,0,NC,CST, , ,C,159, ,0,0, , ,0,0,0, ,0, , ,08/26/1959,1930,35.58,-80.68, , ,"","",23
10076874,HOKE CO., ,05/01/1960,1400,Hail,1.75, ,0,0,0,0,NC,CST, , ,C,93, ,0,0, , ,0,0,0, ,0, , ,05/01/1960,1400,35.00,-79.28, , ,"","",24
10076876,PITT CO., ,05/23/1960,1700,Hail,1.75, ,0,0,0,0,NC,CST, , ,C,147, ,0,0, , ,0,0,0, ,0, , ,05/23/1960,1700,35.50,-77.50, , ,"","",25
10076883,YADKIN CO., ,07/23/1960,1300,Hail,1.75, ,0,0,0,0,NC,CST, , ,C,197, ,0,0, , ,0,0,0, ,0, , ,07/23/1960,1300,36.08,-80.78, , ,"","",26
10076896,DURHAM CO., ,04/28/1961,1600,Hail,.75, ,0,0,0,0,NC,CST, , ,C,63, ,0,0, , ,0,0,0, ,0, , ,04/28/1961,1600,36.00,-78.78, , ,"","",27
10076900,CO., ,05/16/1961,2255,Hail,1.75, ,0,0,0,0,NC,CST, , ,C,0, ,0,0, , ,0,0,0, ,0, , ,05/16/1961,2255,33.88,-77.90, , ,"","",28
10076908,STANLY CO., ,06/26/1961,945,Hail,2.00, ,0,0,0,0,NC,CST, , ,C,167, ,0,0, , ,0,0,0, ,0, , ,06/26/1961,945,35.20,-80.40, , ,"","",29
10076909,ORANGE CO., ,06/26/1961,1000,Hail,1.50, ,0,0,0,0,NC,CST, , ,C,135, ,0,0, , ,0,0,0, ,0, , ,06/26/1961,1000,36.08,-79.08, , ,"","",30
10076912,HOKE CO., ,07/18/1961,1800,Hail,1.00, ,0,0,0,0,NC,CST, , ,C,93, ,0,0, , ,0,0,0, ,0, , ,07/18/1961,1800,35.00,-79.18, , ,"","",31
10076917,NEW HANOVER CO., ,09/04/1961,1400,Hail,1.75, ,0,0,0,0,NC,CST, , ,C,129, ,0,0, , ,0,0,0, ,0, , ,09/04/1961,1400,34.28,-77.90, , ,"","",32
10076919,ROCKINGHAM CO., ,03/21/1962,1700,Hail,.75, ,0,0,0,0,NC,CST, , ,C,157, ,0,0, , ,0,0,0, ,0, , ,03/21/1962,1700,36.50,-79.58, , ,"","",33
10076923,BERTIE CO., ,05/02/1962,1600,Hail,1.75, ,0,0,0,0,NC,CST, , ,C,15, ,0,0, , ,0,0,0, ,0, , ,05/02/1962,1600,36.00,-77.08, , ,"","",34
10076925,GASTON CO., ,05/09/1962,1535,Hail,1.75, ,0,0,0,0,NC,CST, , ,C,71, ,0,0, , ,0,0,0, ,0, , ,05/09/1962,1535,35.20,-81.08, , ,"","",35
10076927,LINCOLN CO., ,05/17/1962,1400,Hail,1.75, ,0,0,0,0,NC,CST, , ,C,109, ,0,0, , ,0,0,0, ,0, , ,05/17/1962,1400,35.50,-81.08, , ,"","",36
10076929,BUNCOMBE CO., ,05/27/1962,1800,Hail,1.75, ,0,0,0,0,NC,CST, , ,C,21, ,0,0, , ,0,0,0, ,0, , ,05/27/1962,1800,35.50,-82.58, , ,"","",37
10074599,ROBESON CO., ,06/14/1962,1600,Hail,2.00, ,0,0,0,0,NC,CST, , ,C,155, ,0,0, , ,0,0,0, ,0, , ,06/14/1962,1600,34.50,-78.90, , ,"","",38
10074605,SURRY CO., ,08/08/1962,1900,Hail,2.00, ,0,0,0,0,NC,CST, , ,C,171, ,0,0, , ,0,0,0, ,0, , ,08/08/1962,1900,36.50,-80.68, , ,"","",39
10074612,EDGECOMBE CO., ,04/30/1963,1700,Hail,1.75, ,0,0,0,0,NC,CST, , ,C,65, ,0,0, , ,0,0,0, ,0, , ,04/30/1963,1700,35.88,-77.50, , ,"","",40
10074613,LINCOLN CO., ,05/16/1963,2000,Hail,2.00, ,0,0,0,0,NC,CST, , ,C,109, ,0,0, , ,0,0,0, ,0, , ,05/16/1963,2000,35.50,-81.28, , ,"","",41
10074616,ROBESON CO., ,05/17/1963,1800,Hail,1.50, ,0,0,0,0,NC,CST, , ,C,155, ,0,0, , ,0,0,0, ,0, , ,05/17/1963,1800,34.58,-79.00, , ,"","",42
10074620,CRAVEN CO., ,05/20/1963,1045,Hail,1.00, ,0,0,0,0,NC,CST, , ,C,49, ,0,0, , ,0,0,0, ,0, , ,05/20/1963,1045,35.08,-77.00, , ,"","",43
10074622,DURHAM CO., ,05/21/1963,1600,Hail,.75, ,0,0,0,0,NC,CST, , ,C,63, ,0,0, , ,0,0,0, ,0, , ,05/21/1963,1600,35.88,-78.78, , ,"","",44
10074625,HOKE CO., ,06/20/1963,1145,Hail,1.00, ,0,0,0,0,NC,CST, , ,C,93, ,0,0, , ,0,0,0, ,0, , ,06/20/1963,1145,35.08,-79.18, , ,"","",45
10074630,HENDERSON CO., ,07/23/1963,1130,Hail,2.00, ,0,0,0,0,NC,CST, , ,C,89, ,0,0, , ,0,0,0, ,0, , ,07/23/1963,1130,35.28,-82.40, , ,"","",46
10074641,CO., ,05/20/1964,1706,Hail,.75, ,0,0,0,0,NC,CST, , ,C,0, ,0,0, , ,0,0,0, ,0, , ,05/20/1964,1706,35.20,-75.90, , ,"","",47
10078003,ROBESON CO., ,03/17/1965,1500,Hail,2.75, ,0,0,0,0,NC,CST, , ,C,155, ,0,0, , ,0,0,0, ,0, , ,03/17/1965,1500,34.50,-79.28, , ,"","",48
10078028,CATAWBA CO., ,07/18/1965,1500,Hail,1.25, ,0,0,0,0,NC,CST, , ,C,35, ,0,0, , ,0,0,0, ,0, , ,07/18/1965,1500,35.70,-81.40, , ,"","",49
10078032,MECKLENBURG CO., ,08/16/1965,1900,Hail,1.75, ,0,0,0,0,NC,CST, , ,C,119, ,0,0, , ,0,0,0, ,0, , ,08/16/1965,1900,35.28,-80.90, , ,"","",50
10078033,NEW HANOVER CO., ,08/17/1965,1350,Hail,.75, ,0,0,0,0,NC,CST, , ,C,129, ,0,0, , ,0,0,0, ,0, , ,08/17/1965,1350,34.28,-77.90, , ,"","",51
10078050,WAKE CO., ,03/19/1966,1400,Hail,1.00, ,0,0,0,0,NC,CST, , ,C,183, ,0,0, , ,0,0,0, ,0, , ,03/19/1966,1400,35.70,-78.68, , ,"","",52
10078051,WAKE CO., ,03/19/1966,1430,Hail,1.00, ,0,0,0,0,NC,CST, , ,C,183, ,0,0, , ,0,0,0, ,0, , ,03/19/1966,1430,35.78,-78.68, , ,"","",53
10078052,HERTFORD CO., ,03/19/1966,1730,Hail,1.00, ,0,0,0,0,NC,CST, , ,C,91, ,0,0, , ,0,0,0, ,0, , ,03/19/1966,1730,36.28,-77.00, , ,"","",54
10078058,COLUMBUS CO., ,04/13/1966,1900,Hail,1.00, ,0,0,0,0,NC,CST, , ,C,47, ,0,0, , ,0,0,0, ,0, , ,04/13/1966,1900,34.28,-78.78, , ,"","",55
10078059,CUMBERLAND CO., ,04/13/1966,1900,Hail,.00, ,0,0,0,0,NC,CST, , ,C,51, ,0,0, , ,0,0,0, ,0, , ,04/13/1966,1900,35.08,-78.78, , ,"","",56
10078060,HOKE CO., ,04/13/1966,1925,Hail,.75, ,0,0,0,0,NC,CST, , ,C,93, ,0,0, , ,0,0,0, ,0, , ,04/13/1966,1925,35.00,-79.18, , ,"","",57
10090639,HENDERSON CO., ,05/14/1966,1459,Hail,1.50, ,0,0,0,0,NC,CST, , ,C,89, ,0,0, , ,0,0,0, ,0, , ,05/14/1966,1459,35.38,-82.50, , ,"","",58
10090640,PENDER CO., ,05/30/1966,1740,Hail,1.75, ,0,0,0,0,NC,CST, , ,C,141, ,0,0, , ,0,0,0, ,0, , ,05/30/1966,1740,34.38,-77.68, , ,"","",59
10090862,COLUMBUS CO., ,07/09/1966,1200,Hail,1.00, ,0,0,0,0,NC,CST, , ,C,47, ,0,0, , ,0,0,0, ,0, , ,07/09/1966,1200,34.20,-78.78, , ,"","",60
10090880,CLEVELAND CO., ,03/12/1967,1130,Hail,.75, ,0,0,0,0,NC,CST, , ,C,45, ,0,0, , ,0,0,0, ,0, , ,03/12/1967,1130,35.28,-81.58, , ,"","",61
10090881,MARTIN CO., ,03/15/1967,1500,Hail,.75, ,0,0,0,0,NC,CST, , ,C,117, ,0,0, , ,0,0,0, ,0, , ,03/15/1967,1500,35.88,-77.28, , ,"","",62
10090888,PASQUOTANK CO., ,05/07/1967,1600,Hail,.00, ,0,0,0,0,NC,CST, , ,C,139, ,0,0, , ,0,0,0, ,0, , ,05/07/1967,1600,36.28,-76.18, , ,"","",63
10090889,SAMPSON CO., ,05/12/1967,1600,Hail,2.00, ,0,0,0,0,NC,CST, , ,C,163, ,0,0, , ,0,0,0, ,0, , ,05/12/1967,1600,35.00,-78.28, , ,"","",64
10090893,DURHAM CO., ,05/14/1967,1650,Hail,1.75, ,0,0,0,0,NC,CST, , ,C,63, ,0,0, , ,0,0,0, ,0, , ,05/14/1967,1650,36.00,-78.90, , ,"","",65
10090894,ORANGE CO., ,05/14/1967,1715,Hail,2.75, ,0,0,0,0,NC,CST, , ,C,135, ,0,0, , ,0,0,0, ,0, , ,05/14/1967,1715,36.08,-79.08, , ,"","",66
10090897,STOKES CO., ,05/15/1967,1430,Hail,1.75, ,0,0,0,0,NC,CST, , ,C,169, ,0,0, , ,0,0,0, ,0, , ,05/15/1967,1430,36.50,-80.40, , ,"","",67
10090902,GASTON CO., ,05/20/1967,1707,Hail,1.00, ,0,0,0,0,NC,CST, , ,C,71, ,0,0, , ,0,0,0, ,0, , ,05/20/1967,1707,35.20,-81.00, , ,"","",68
10090903,MECKLENBURG CO., ,05/20/1967,1730,Hail,.75, ,0,0,0,0,NC,CST, , ,C,119, ,0,0, , ,0,0,0, ,0, , ,05/20/1967,1730,35.20,-80.90, , ,"","",69
10090904,STANLY CO., ,05/20/1967,1800,Hail,1.75, ,0,0,0,0,NC,CST, , ,C,167, ,0,0, , ,0,0,0, ,0, , ,05/20/1967,1800,35.28,-80.18, , ,"","",70
10090914,GUILFORD CO., ,08/07/1967,1415,Hail,.75, ,0,0,0,0,NC,CST, , ,C,81, ,0,0, , ,0,0,0, ,0, , ,08/07/1967,1415,36.08,-79.90, , ,"","",71
10087460,WAYNE CO., ,05/12/1968,1530,Hail,.75, ,0,0,0,0,NC,CST, , ,C,191, ,0,0, , ,0,0,0, ,0, , ,05/12/1968,1530,35.28,-78.00, , ,"","",72
10087464,GRANVILLE CO., ,05/24/1968,1700,Hail,2.00, ,0,0,0,0,NC,CST, , ,C,77, ,0,0, , ,0,0,0, ,0, , ,05/24/1968,1700,36.20,-78.68, , ,"","",73
10087511,SCOTLAND CO., ,04/18/1969,1745,Hail,1.00, ,0,0,0,0,NC,CST, , ,C,165, ,0,0, , ,0,0,0, ,0, , ,04/18/1969,1745,34.78,-79.40, , ,"","",74
10087515,NEW HANOVER CO., ,05/25/1969,1305,Hail,.75, ,0,0,0,0,NC,CST, , ,C,129, ,0,0, , ,0,0,0, ,0, , ,05/25/1969,1305,34.28,-77.90, , ,"","",75
10087516,CRAVEN CO., ,05/25/1969,1305,Hail,.75, ,0,0,0,0,NC,CST, , ,C,49, ,0,0, , ,0,0,0, ,0, , ,05/25/1969,1305,35.08,-77.00, , ,"","",76
10087520,YANCEY CO., ,06/10/1969,1500,Hail,2.50, ,0,0,0,0,NC,CST, , ,C,199, ,0,0, , ,0,0,0, ,0, , ,06/10/1969,1500,35.88,-82.18, , ,"","",77
10087523,PAMLICO CO., ,06/19/1969,1317,Hail,1.75, ,0,0,0,0,NC,CST, , ,C,137, ,0,0, , ,0,0,0, ,0, , ,06/19/1969,1317,35.20,-76.90, , ,"","",78
10088682,WAKE CO., ,02/09/1970,1640,Hail,1.00, ,0,0,0,0,NC,CST, , ,C,183, ,0,0, , ,0,0,0, ,0, , ,02/09/1970,1640,35.70,-78.78, , ,"","",79
10088698,FORSYTH CO., ,04/13/1970,2100,Hail,1.75, ,0,0,0,0,NC,CST, , ,C,67, ,0,0, , ,0,0,0, ,0, , ,04/13/1970,2100,36.08,-80.40, , ,"","",80
10088699,CABARRUS CO., ,04/13/1970,2115,Hail,1.75, ,0,0,0,0,NC,CST, , ,C,25, ,0,0, , ,0,0,0, ,0, , ,04/13/1970,2115,35.28,-80.58, , ,"","",81
10088701,MOORE CO., ,04/13/1970,2323,Hail,1.00, ,0,0,0,0,NC,CST, , ,C,125, ,0,0, , ,0,0,0, ,0, , ,04/13/1970,2323,35.20,-79.40, , ,"","",82
10088705,TRANSYLVANIA CO., ,05/15/1970,1857,Hail,1.00, ,0,0,0,0,NC,CST, , ,C,175, ,0,0, , ,0,0,0, ,0, , ,05/15/1970,1857,35.38,-82.78, , ,"","",83
10088709,FORSYTH CO., ,05/22/1970,1845,Hail,1.00, ,0,0,0,0,NC,CST, , ,C,67, ,0,0, , ,0,0,0, ,0, , ,05/22/1970,1845,36.20,-80.28, , ,"","",84
10088710,POLK CO., ,06/05/1970,1615,Hail,1.50, ,0,0,0,0,NC,CST, , ,C,149, ,0,0, , ,0,0,0, ,0, , ,06/05/1970,1615,35.20,-82.18, , ,"","",85
10088713,GASTON CO., ,06/21/1970,532,Hail,.75, ,0,0,0,0,NC,CST, , ,C,71, ,0,0, , ,0,0,0, ,0, , ,06/21/1970,532,35.28,-81.18, , ,"","",86
10088715,CABARRUS CO., ,06/21/1970,700,Hail,2.00, ,0,0,0,0,NC,CST, , ,C,25, ,0,0, , ,0,0,0, ,0, , ,06/21/1970,700,35.38,-80.58, , ,"","",87
10088716,MONTGOMERY CO., ,06/21/1970,815,Hail,2.00, ,0,0,0,0,NC,CST, , ,C,123, ,0,0, , ,0,0,0, ,0, , ,06/21/1970,815,35.38,-79.90, , ,"","",88
10088717,SCOTLAND CO., ,06/21/1970,1000,Hail,2.00, ,0,0,0,0,NC,CST, , ,C,165, ,0,0, , ,0,0,0, ,0, , ,06/21/1970,1000,34.78,-79.40, , ,"","",89
10088722,ALAMANCE CO., ,06/22/1970,1430,Hail,1.00, ,0,0,0,0,NC,CST, , ,C,1, ,0,0, , ,0,0,0, ,0, , ,06/22/1970,1430,35.88,-79.40, , ,"","",90
10088723,CUMBERLAND CO., ,06/22/1970,1615,Hail,2.00, ,0,0,0,0,NC,CST, , ,C,51, ,0,0, , ,0,0,0, ,0, , ,06/22/1970,1615,35.08,-78.90, , ,"","",91
10088064,ROBESON CO., ,02/07/1971,1115,Hail,1.00, ,0,0,0,0,NC,CST, , ,C,155, ,0,0, , ,0,0,0, ,0, , ,02/07/1971,1115,34.58,-79.00, , ,"","",92
10088076,MECKLENBURG CO., ,05/12/1971,1340,Hail,1.75, ,0,0,0,0,NC,CST, , ,C,119, ,0,0, , ,0,0,0, ,0, , ,05/12/1971,1340,35.20,-80.90, , ,"","",93
10088079,AVERY CO., ,06/03/1971,1300,Hail,1.50, ,0,0,0,0,NC,CST, , ,C,11, ,0,0, , ,0,0,0, ,0, , ,06/03/1971,1300,36.20,-81.90, , ,"","",94
10088085,ROBESON CO., ,06/16/1971,1655,Hail,2.00, ,0,0,0,0,NC,CST, , ,C,155, ,0,0, , ,0,0,0, ,0, , ,06/16/1971,1655,34.58,-79.00, , ,"","",95
10088087,NEW HANOVER CO., ,06/16/1971,1700,Hail,2.50, ,0,0,0,0,NC,CST, , ,C,129, ,0,0, , ,0,0,0, ,0, , ,06/16/1971,1700,34.28,-77.90, , ,"","",96
10089167,HAYWOOD CO., ,01/13/1972,1545,Hail,1.00, ,0,0,0,0,NC,CST, , ,C,87, ,0,0, , ,0,0,0, ,0, , ,01/13/1972,1545,35.50,-82.90, , ,"","",97
10089170,DURHAM CO., ,05/15/1972,1700,Hail,1.00, ,0,0,0,0,NC,CST, , ,C,63, ,0,0, , ,0,0,0, ,0, , ,05/15/1972,1700,36.00,-78.90, , ,"","",98
10089175,DURHAM CO., ,07/29/1972,1530,Hail,1.00, ,0,0,0,0,NC,CST, , ,C,63, ,0,0, , ,0,0,0, ,0, , ,07/29/1972,1530,35.88,-78.78, , ,"","",99
10089185,MONTGOMERY CO., ,05/11/1973,1700,Hail,1.75, ,0,0,0,0,NC,CST, , ,C,123, ,0,0, , ,0,0,0, ,0, , ,05/11/1973,1700,35.30,-79.80, , ,"","",100
10089191,BEAUFORT CO., ,05/20/1973,1930,Hail,1.75, ,0,0,0,0,NC,CST, , ,C,13, ,0,0, , ,0,0,0, ,0, , ,05/20/1973,1930,35.60,-76.90, , ,"","",101
10089193,PITT CO., ,05/23/1973,1105,Hail,1.75, ,0,0,0,0,NC,CST, , ,C,147, ,0,0, , ,0,0,0, ,0, , ,05/23/1973,1105,35.80,-77.40, , ,"","",102
10089196,WAKE CO., ,05/23/1973,1400,Hail,2.00, ,0,0,0,0,NC,CST, , ,C,183, ,0,0, , ,0,0,0, ,0, , ,05/23/1973,1400,35.90,-78.40, , ,"","",103
10089219,MONTGOMERY CO., ,05/28/1973,1400,Hail,1.75, ,0,0,0,0,NC,CST, , ,C,123, ,0,0, , ,0,0,0, ,0, , ,05/28/1973,1400,35.33,-79.82, , ,"","",104
10089221,WAKE CO., ,05/28/1973,1500,Hail,2.00, ,0,0,0,0,NC,CST, , ,C,183, ,0,0, , ,0,0,0, ,0, , ,05/28/1973,1500,35.97,-78.53, , ,"","",105
10089806,CUMBERLAND CO., ,05/29/1973,405,Hail,1.00, ,0,0,0,0,NC,CST, , ,C,51, ,0,0, , ,0,0,0, ,0, , ,05/29/1973,405,35.18,-79.02, , ,"","",106
10089826,JOHNSTON CO., ,09/18/1973,1600,Hail,1.75, ,0,0,0,0,NC,CST, , ,C,101, ,0,0, , ,0,0,0, ,0, , ,09/18/1973,1600,35.50,-78.35, , ,"","",107
10089845,GASTON CO., ,04/03/1974,1730,Hail,4.50, ,0,0,0,0,NC,CST, , ,C,71, ,0,0, , ,0,0,0, ,0, , ,04/03/1974,1730,35.27,-81.18, , ,"","",108
10089847,GRAHAM CO., ,04/03/1974,1800,Hail,3.00, ,0,0,0,0,NC,CST, , ,C,75, ,0,0, , ,0,0,0, ,0, , ,04/03/1974,1800,35.40,-83.82, , ,"","",109
10089846,MECKLENBURG CO., ,04/03/1974,1800,Hail,3.00, ,0,0,0,0,NC,CST, , ,C,119, ,0,0, , ,0,0,0, ,0, , ,04/03/1974,1800,35.23,-80.85, , ,"","",110
10089851,TRANSYLVANIA CO., ,04/03/1974,2050,Hail,.75, ,0,0,0,0,NC,CST, , ,C,175, ,0,0, , ,0,0,0, ,0, , ,04/03/1974,2050,35.27,-82.72, , ,"","",111
10089856,HOKE CO., ,05/19/1974,1455,Hail,.75, ,0,0,0,0,NC,CST, , ,C,93, ,0,0, , ,0,0,0, ,0, , ,05/19/1974,1455,34.88,-79.35, , ,"","",112
10090925,CRAVEN CO., ,06/01/1974,1400,Hail,.75, ,0,0,0,0,NC,CST, , ,C,49, ,0,0, , ,0,0,0, ,0, , ,06/01/1974,1400,35.18,-77.33, , ,"","",113
10090927,MOORE CO., ,06/01/1974,1530,Hail,.75, ,0,0,0,0,NC,CST, , ,C,125, ,0,0, , ,0,0,0, ,0, , ,06/01/1974,1530,35.30,-79.67, , ,"","",114
10090929,MONTGOMERY CO., ,06/01/1974,1630,Hail,.75, ,0,0,0,0,NC,CST, , ,C,123, ,0,0, , ,0,0,0, ,0, , ,06/01/1974,1630,35.37,-79.80, , ,"","",115
10090931,SAMPSON CO., ,06/01/1974,1800,Hail,.75, ,0,0,0,0,NC,CST, , ,C,163, ,0,0, , ,0,0,0, ,0, , ,06/01/1974,1800,35.02,-78.52, , ,"","",116
10090936,PAMLICO CO., ,06/13/1974,1330,Hail,.75, ,0,0,0,0,NC,CST, , ,C,137, ,0,0, , ,0,0,0, ,0, , ,06/13/1974,1330,35.15,-76.77, , ,"","",117
10090938,COLUMBUS CO., ,06/14/1974,1100,Hail,.75, ,0,0,0,0,NC,CST, , ,C,47, ,0,0, , ,0,0,0, ,0, , ,06/14/1974,1100,34.28,-78.70, , ,"","",118
10090939,ALEXANDER CO., ,06/14/1974,1300,Hail,.75, ,0,0,0,0,NC,CST, , ,C,3, ,0,0, , ,0,0,0, ,0, , ,06/14/1974,1300,35.93,-81.17, , ,"","",119
10090940,MONTGOMERY CO., ,06/14/1974,1400,Hail,.75, ,0,0,0,0,NC,CST, , ,C,123, ,0,0, , ,0,0,0, ,0, , ,06/14/1974,1400,35.25,-79.73, , ,"","",120
10090944,MCDOWELL CO., ,06/20/1974,1300,Hail,.75, ,0,0,0,0,NC,CST, , ,C,111, ,0,0, , ,0,0,0, ,0, , ,06/20/1974,1300,35.63,-82.18, , ,"","",121
10090945,CALDWELL CO., ,06/20/1974,1300,Hail,.75, ,0,0,0,0,NC,CST, , ,C,27, ,0,0, , ,0,0,0, ,0, , ,06/20/1974,1300,35.92,-81.55, , ,"","",122
10090946,ORANGE CO., ,06/20/1974,1700,Hail,.75, ,0,0,0,0,NC,CST, , ,C,135, ,0,0, , ,0,0,0, ,0, , ,06/20/1974,1700,36.22,-79.22, , ,"","",123
10090948,WARREN CO., ,06/23/1974,1400,Hail,.75, ,0,0,0,0,NC,CST, , ,C,185, ,0,0, , ,0,0,0, ,0, , ,06/23/1974,1400,36.45,-78.20, , ,"","",124
10090954,ONSLOW CO., ,06/23/1974,1600,Hail,.75, ,0,0,0,0,NC,CST, , ,C,133, ,0,0, , ,0,0,0, ,0, , ,06/23/1974,1600,34.82,-77.55, , ,"","",125
10090956,HENDERSON CO., ,06/28/1974,1300,Hail,.75, ,0,0,0,0,NC,CST, , ,C,89, ,0,0, , ,0,0,0, ,0, , ,06/28/1974,1300,35.35,-82.57, , ,"","",126
10090957,MADISON CO., ,06/28/1974,1300,Hail,.75, ,0,0,0,0,NC,CST, , ,C,115, ,0,0, , ,0,0,0, ,0, , ,06/28/1974,1300,35.83,-82.67, , ,"","",127
10090960,CLEVELAND CO., ,06/28/1974,1630,Hail,1.50, ,0,0,0,0,NC,CST, , ,C,45, ,0,0, , ,0,0,0, ,0, , ,06/28/1974,1630,35.42,-81.42, , ,"","",128
10087636,ROWAN CO., ,04/29/1975,1630,Hail,.75, ,0,0,0,0,NC,CST, , ,C,159, ,0,0, , ,0,0,0, ,0, , ,04/29/1975,1630,35.57,-80.60, , ,"","",129
10087637,BEAUFORT CO., ,05/04/1975,1730,Hail,.75, ,0,0,0,0,NC,CST, , ,C,13, ,0,0, , ,0,0,0, ,0, , ,05/04/1975,1730,35.55,-77.05, , ,"","",130
10087638,CALDWELL CO., ,05/10/1975,1230,Hail,.75, ,0,0,0,0,NC,CST, , ,C,27, ,0,0, , ,0,0,0, ,0, , ,05/10/1975,1230,35.92,-81.55, , ,"","",131
10087651,CHATHAM CO., ,05/22/1975,1500,Hail,1.00, ,0,0,0,0,NC,CST, , ,C,37, ,0,0, , ,0,0,0, ,0, , ,05/22/1975,1500,35.62,-79.07, , ,"","",132
10087652,CRAVEN CO., ,05/22/1975,1700,Hail,1.75, ,0,0,0,0,NC,CST, , ,C,49, ,0,0, , ,0,0,0, ,0, , ,05/22/1975,1700,35.25,-77.20, , ,"","",133
10087656,CUMBERLAND CO., ,05/23/1975,1255,Hail,3.50, ,0,0,0,0,NC,CST, , ,C,51, ,0,0, , ,0,0,0, ,0, , ,05/23/1975,1255,35.07,-79.02, , ,"","",134
10087658,CRAVEN CO., ,05/23/1975,1351,Hail,.75, ,0,0,0,0,NC,CST, , ,C,49, ,0,0, , ,0,0,0, ,0, , ,05/23/1975,1351,35.07,-77.05, , ,"","",135
10087672,CUMBERLAND CO., ,06/18/1975,1415,Hail,.75, ,0,0,0,0,NC,CST, , ,C,51, ,0,0, , ,0,0,0, ,0, , ,06/18/1975,1415,34.98,-78.90, , ,"","",136
10088738,MADISON CO., ,07/04/1975,1500,Hail,.75, ,0,0,0,0,NC,CST, , ,C,115, ,0,0, , ,0,0,0, ,0, , ,07/04/1975,1500,35.80,-82.68, , ,"","",137
10088740,CHATHAM CO., ,07/08/1975,1430,Hail,.75, ,0,0,0,0,NC,CST, , ,C,37, ,0,0, , ,0,0,0, ,0, , ,07/08/1975,1430,35.77,-79.15, , ,"","",138
10088742,CHATHAM CO., ,07/08/1975,1500,Hail,1.50, ,0,0,0,0,NC,CST, , ,C,37, ,0,0, , ,0,0,0, ,0, , ,07/08/1975,1500,35.62,-79.08, , ,"","",139
10088744,HARNETT CO., ,07/08/1975,1530,Hail,.75, ,0,0,0,0,NC,CST, , ,C,85, ,0,0, , ,0,0,0, ,0, , ,07/08/1975,1530,35.42,-78.95, , ,"","",140
10088746,DAVIDSON CO., ,07/08/1975,1700,Hail,.75, ,0,0,0,0,NC,CST, , ,C,57, ,0,0, , ,0,0,0, ,0, , ,07/08/1975,1700,35.82,-80.27, , ,"","",141
10088747,PERSON CO., ,07/08/1975,1830,Hail,.75, ,0,0,0,0,NC,CST, , ,C,145, ,0,0, , ,0,0,0, ,0, , ,07/08/1975,1830,36.40,-78.98, , ,"","",142
10088749,SURRY CO., ,07/09/1975,1400,Hail,.75, ,0,0,0,0,NC,CST, , ,C,171, ,0,0, , ,0,0,0, ,0, , ,07/09/1975,1400,36.40,-80.72, , ,"","",143
10088751,ROCKINGHAM CO., ,07/10/1975,1430,Hail,.75, ,0,0,0,0,NC,CST, , ,C,157, ,0,0, , ,0,0,0, ,0, , ,07/10/1975,1430,36.37,-79.67, , ,"","",144
10088753,CASWELL CO., ,07/10/1975,1515,Hail,.75, ,0,0,0,0,NC,CST, , ,C,33, ,0,0, , ,0,0,0, ,0, , ,07/10/1975,1515,36.40,-79.33, , ,"","",145
10088759,HARNETT CO., ,07/15/1975,1200,Hail,.75, ,0,0,0,0,NC,CST, , ,C,85, ,0,0, , ,0,0,0, ,0, , ,07/15/1975,1200,35.52,-78.92, , ,"","",146
10088765,DAVIDSON CO., ,08/12/1975,1500,Hail,.75, ,0,0,0,0,NC,CST, , ,C,57, ,0,0, , ,0,0,0, ,0, , ,08/12/1975,1500,35.98,-80.27, , ,"","",147
10088769,CRAVEN CO., ,08/24/1975,1135,Hail,.75, ,0,0,0,0,NC,CST, , ,C,49, ,0,0, , ,0,0,0, ,0, , ,08/24/1975,1135,34.90,-76.88, , ,"","",148
10088772,YADKIN CO., ,09/06/1975,1345,Hail,1.50, ,0,0,0,0,NC,CST, , ,C,197, ,0,0, , ,0,0,0, ,0, , ,09/06/1975,1345,36.22,-80.52, , ,"","",149
10088773,STOKES CO., ,09/06/1975,1350,Hail,1.50, ,0,0,0,0,NC,CST, , ,C,169, ,0,0, , ,0,0,0, ,0, , ,09/06/1975,1350,36.32,-80.07, , ,"","",150
10088783,SAMPSON CO., ,12/31/1975,1630,Hail,1.00, ,0,0,0,0,NC,CST, , ,C,163, ,0,0, , ,0,0,0, ,0, , ,12/31/1975,1630,35.25,-78.35, , ,"","",151
10089868,WAKE CO., ,04/08/1976,2105,Hail,.75, ,0,0,0,0,NC,CST, , ,C,183, ,0,0, , ,0,0,0, ,0, , ,04/08/1976,2105,35.82,-78.80, , ,"","",152
10089870,NEW HANOVER CO., ,04/22/1976,1511,Hail,.75, ,0,0,0,0,NC,CST, , ,C,129, ,0,0, , ,0,0,0, ,0, , ,04/22/1976,1511,34.27,-77.90, , ,"","",153
10089873,WAYNE CO., ,05/11/1976,1500,Hail,1.75, ,0,0,0,0,NC,CST, , ,C,191, ,0,0, , ,0,0,0, ,0, , ,05/11/1976,1500,35.45,-78.08, , ,"","",154
10089879,BEAUFORT CO., ,05/17/1976,1240,Hail,1.75, ,0,0,0,0,NC,CST, , ,C,13, ,0,0, , ,0,0,0, ,0, , ,05/17/1976,1240,35.55,-76.92, , ,"","",155
10089880,HARNETT CO., ,05/18/1976,1230,Hail,1.75, ,0,0,0,0,NC,CST, , ,C,85, ,0,0, , ,0,0,0, ,0, , ,05/18/1976,1230,35.25,-78.58, , ,"","",156
10089887,DARE CO., ,07/09/1976,1330,Hail,1.75, ,0,0,0,0,NC,CST, , ,C,55, ,0,0, , ,0,0,0, ,0, , ,07/09/1976,1330,35.90,-75.67, , ,"","",157
10089888,WAYNE CO., ,07/09/1976,1400,Hail,.75, ,0,0,0,0,NC,CST, , ,C,191, ,0,0, , ,0,0,0, ,0, , ,07/09/1976,1400,35.32,-78.17, , ,"","",158
10089891,DARE CO., ,07/12/1976,1640,Hail,1.75, ,0,0,0,0,NC,CST, , ,C,55, ,0,0, , ,0,0,0, ,0, , ,07/12/1976,1640,35.35,-75.52, , ,"","",159
10089904,CRAVEN CO., ,08/01/1976,1420,Hail,1.75, ,0,0,0,0,NC,CST, , ,C,49, ,0,0, , ,0,0,0, ,0, , ,08/01/1976,1420,35.07,-77.05, , ,"","",160
10089911,NASH CO., ,08/14/1976,1500,Hail,1.75, ,0,0,0,0,NC,CST, , ,C,127, ,0,0, , ,0,0,0, ,0, , ,08/14/1976,1500,35.95,-77.78, , ,"","",161
10091004,JONES CO., ,05/05/1977,1905,Hail,1.00, ,0,0,0,0,NC,CST, , ,C,103,NG,0,0, , ,0,0,0, ,0, , ,05/05/1977,1905,35.07,-77.37, , ,"","",162
10091008,CRAVEN CO., ,06/02/1977,1515,Hail,1.75, ,0,0,0,0,NC,CST, , ,C,49,NG,0,0, , ,0,0,0, ,0, , ,06/02/1977,1515,35.12,-77.18, , ,"","",163
10091009,ROCKINGHAM CO., ,06/06/1977,1340,Hail,1.75, ,0,0,0,0,NC,CST, , ,C,157,NG,0,0, , ,0,0,0, ,0, , ,06/06/1977,1340,36.37,-79.68, , ,"","",164
10091026,MECKLENBURG CO., ,06/06/1977,1515,Hail,1.00, ,0,0,0,0,NC,CST, , ,C,119,ATA,0,0, , ,0,0,0, ,0, , ,06/06/1977,1515,35.32,-80.73, , ,"","",165
10091030,CUMBERLAND CO., ,06/19/1977,1205,Hail,1.00, ,0,0,0,0,NC,CST, , ,C,51,NG,0,0, , ,0,0,0, ,0, , ,06/19/1977,1205,35.17,-78.98, , ,"","",166
10091032,PENDER CO., ,06/19/1977,1520,Hail,1.00, ,0,0,0,0,NC,CST, , ,C,141,ATA,0,0, , ,0,0,0, ,0, , ,06/19/1977,1520,34.37,-77.72, , ,"","",167
10091033,NEW HANOVER CO., ,06/19/1977,1520,Hail,1.00, ,0,0,0,0,NC,CST, , ,C,129,NG,0,0, , ,0,0,0, ,0, , ,06/19/1977,1520,34.38,-77.93, , ,"","",168
10091035,COLUMBUS CO., ,06/20/1977,1825,Hail,.75, ,0,0,0,0,NC,CST, , ,C,47,T,0,0, , ,0,0,0, ,0, , ,06/20/1977,1825,34.33,-78.70, , ,"","",169
10091057,WAYNE CO., ,07/13/1977,1430,Hail,1.75, ,0,0,0,0,NC,CST, , ,C,191,ATA,0,0, , ,0,0,0, ,0, , ,07/13/1977,1430,35.30,-78.17, , ,"","",170
10091058,SAMPSON CO., ,07/13/1977,1530,Hail,.75, ,0,0,0,0,NC,CST, , ,C,163,NG,0,0, , ,0,0,0, ,0, , ,07/13/1977,1530,35.25,-78.35, , ,"","",171
10091059,SAMPSON CO., ,07/13/1977,1600,Hail,1.25, ,0,0,0,0,NC,CST, , ,C,163,ATA,0,0, , ,0,0,0, ,0, , ,07/13/1977,1600,35.02,-78.52, , ,"","",172
10087677,SURRY CO., ,08/22/1977,1700,Hail,1.25, ,0,0,0,0,NC,CST, , ,C,171,ATA,0,0, , ,0,0,0, ,0, , ,08/22/1977,1700,36.50,-80.60, , ,"","",173
10087685,AVERY CO., ,12/18/1977,130,Hail,.75, ,0,0,0,0,NC,CST, , ,C,11,NG,0,0, , ,0,0,0, ,0, , ,12/18/1977,130,35.95,-81.98, , ,"","",174
10087687,DURHAM CO., ,01/09/1978,215,Hail,1.75, ,0,0,0,0,NC,CST, , ,C,63,ATA,0,0, , ,0,0,0, ,0, , ,01/09/1978,215,35.83,-78.92, , ,"","",175
10087689,SAMPSON CO., ,03/26/1978,1615,Hail,1.75, ,0,0,0,0,NC,CST, , ,C,163,ATA,0,0, , ,0,0,0, ,0, , ,03/26/1978,1615,35.08,-78.43, , ,"","",176
10087690,WAYNE CO., ,03/26/1978,1630,Hail,1.75, ,0,0,0,0,NC,CST, , ,C,191,ATA,0,0, , ,0,0,0, ,0, , ,03/26/1978,1630,35.38,-78.00, , ,"","",177
10087691,SAMPSON CO., ,03/26/1978,1657,Hail,1.75, ,0,0,0,0,NC,CST, , ,C,163,ATA,0,0, , ,0,0,0, ,0, , ,03/26/1978,1657,35.08,-78.42, , ,"","",178
10087693,BLADEN CO., ,04/19/1978,1445,Hail,1.50, ,0,0,0,0,NC,CST, , ,C,17,ATA,0,0, , ,0,0,0, ,0, , ,04/19/1978,1445,34.45,-78.83, , ,"","",179
10087695,WAKE CO., ,04/19/1978,1645,Hail,1.50, ,0,0,0,0,NC,CST, , ,C,183,NG,0,0, , ,0,0,0, ,0, , ,04/19/1978,1645,35.68,-78.60, , ,"","",180
10087697,JOHNSTON CO., ,04/19/1978,1700,Hail,1.75, ,0,0,0,0,NC,CST, , ,C,101,ATA,0,0, , ,0,0,0, ,0, , ,04/19/1978,1700,35.63,-78.35, , ,"","",181
10087699,WAKE CO., ,04/19/1978,1745,Hail,1.25, ,0,0,0,0,NC,CST, , ,C,183,NG,0,0, , ,0,0,0, ,0, , ,04/19/1978,1745,35.72,-78.62, , ,"","",182
10087701,DUPLIN CO., ,04/19/1978,1805,Hail,1.00, ,0,0,0,0,NC,CST, , ,C,61,NG,0,0, , ,0,0,0, ,0, , ,04/19/1978,1805,34.92,-77.77, , ,"","",183
10087704,CRAVEN CO., ,04/26/1978,1411,Hail,.75, ,0,0,0,0,NC,CST, , ,C,49,T,0,0, , ,0,0,0, ,0, , ,04/26/1978,1411,35.07,-77.05, , ,"","",184
10087706,ONSLOW CO., ,04/26/1978,1705,Hail,.75, ,0,0,0,0,NC,CST, , ,C,133,NG,0,0, , ,0,0,0, ,0, , ,04/26/1978,1705,34.70,-77.43, , ,"","",185
10087720,PASQUOTANK CO., ,06/03/1978,1500,Hail,1.75, ,0,0,0,0,NC,CST, , ,C,139,ATA,0,0, , ,0,0,0, ,0, , ,06/03/1978,1500,36.20,-76.25, , ,"","",186
10087724,WAKE CO., ,06/22/1978,1330,Hail,1.00, ,0,0,0,0,NC,CST, , ,C,183,ATA,0,0, , ,0,0,0, ,0, , ,06/22/1978,1330,35.83,-78.58, , ,"","",187
10087725,ROCKINGHAM CO., ,06/22/1978,1400,Hail,1.75, ,0,0,0,0,NC,CST, , ,C,157,ATA,0,0, , ,0,0,0, ,0, , ,06/22/1978,1400,36.42,-79.63, , ,"","",188
10087726,SURRY CO., ,06/22/1978,1430,Hail,1.75, ,0,0,0,0,NC,CST, , ,C,171,ATA,0,0, , ,0,0,0, ,0, , ,06/22/1978,1430,36.47,-80.43, , ,"","",189
10087727,GUILFORD CO., ,06/22/1978,1500,Hail,1.00, ,0,0,0,0,NC,CST, , ,C,81,ATA,0,0, , ,0,0,0, ,0, , ,06/22/1978,1500,36.10,-79.95, , ,"","",190
10087728,DURHAM CO., ,06/22/1978,1500,Hail,1.00, ,0,0,0,0,NC,CST, , ,C,63,ATA,0,0, , ,0,0,0, ,0, , ,06/22/1978,1500,36.00,-78.88, , ,"","",191
10087729,GASTON CO., ,06/22/1978,1645,Hail,1.75, ,0,0,0,0,NC,CST, , ,C,71,MT,0,0, , ,0,0,0, ,0, , ,06/22/1978,1645,35.32,-81.18, , ,"","",192
10087730,GASTON CO., ,06/22/1978,1745,Hail,1.75, ,0,0,0,0,NC,CST, , ,C,71,ATA,0,0, , ,0,0,0, ,0, , ,06/22/1978,1745,35.27,-81.18, , ,"","",193
10087731,STANLY CO., ,06/22/1978,1900,Hail,1.75, ,0,0,0,0,NC,CST, , ,C,167,ATA,0,0, , ,0,0,0, ,0, , ,06/22/1978,1900,35.50,-80.25, , ,"","",194
10087732,DUPLIN CO., ,06/22/1978,2045,Hail,1.75, ,0,0,0,0,NC,CST, , ,C,61,NG,0,0, , ,0,0,0, ,0, , ,06/22/1978,2045,35.00,-78.08, , ,"","",195
10087735,MECKLENBURG CO., ,06/24/1978,2000,Hail,1.50, ,0,0,0,0,NC,CST, , ,C,119,NG,0,0, , ,0,0,0, ,0, , ,06/24/1978,2000,35.52,-80.93, , ,"","",196
10087737,SAMPSON CO., ,07/01/1978,1405,Hail,1.00, ,0,0,0,0,NC,CST, , ,C,163,NG,0,0, , ,0,0,0, ,0, , ,07/01/1978,1405,35.02,-78.52, , ,"","",197
10088805,PENDER CO., ,07/25/1978,1715,Hail,1.00, ,0,0,0,0,NC,CST, , ,C,141,NG,0,0, , ,0,0,0, ,0, , ,07/25/1978,1715,34.55,-77.93, , ,"","",198
10088811,CARTERET CO., ,08/26/1978,1230,Hail,1.75, ,0,0,0,0,NC,CST, , ,C,31,ATA,0,0, , ,0,0,0, ,0, , ,08/26/1978,1230,34.75,-76.75, , ,"","",199
10088832,CRAVEN CO., ,04/09/1979,1507,Hail,1.50, ,0,0,0,0,NC,CST, , ,C,49,T,0,0, , ,0,0,0, ,0, , ,04/09/1979,1507,34.90,-76.88, , ,"","",200
10088833,CARTERET CO., ,04/09/1979,1545,Hail,1.00, ,0,0,0,0,NC,CST, , ,C,31,ATA,0,0, , ,0,0,0, ,0, , ,04/09/1979,1545,34.80,-76.85, , ,"","",201
10088834,CARTERET CO., ,04/09/1979,1720,Hail,.75, ,0,0,0,0,NC,CST, , ,C,31,T,0,0, , ,0,0,0, ,0, , ,04/09/1979,1720,34.72,-76.52, , ,"","",202
10088835,BRUNSWICK CO., ,05/11/1979,1400,Hail,1.00, ,0,0,0,0,NC,CST, , ,C,19,T,0,0, , ,0,0,0, ,0, , ,05/11/1979,1400,34.25,-78.05, , ,"","",203
10088836,COLUMBUS CO., ,05/23/1979,1217,Hail,.75, ,0,0,0,0,NC,CST, , ,C,47,T,0,0, , ,0,0,0, ,0, , ,05/23/1979,1217,34.32,-78.52, , ,"","",204
10088840,PERQUIMANS CO., ,05/29/1979,1500,Hail,1.50, ,0,0,0,0,NC,CST, , ,C,143,ATA,0,0, , ,0,0,0, ,0, , ,05/29/1979,1500,36.13,-76.47, , ,"","",205
10088842,MECKLENBURG CO., ,06/19/1979,1240,Hail,1.00, ,0,0,0,0,NC,CST, , ,C,119,T,0,0, , ,0,0,0, ,0, , ,06/19/1979,1240,35.50,-80.85, , ,"","",206
10088843,MECKLENBURG CO., ,06/19/1979,1250,Hail,1.00, ,0,0,0,0,NC,CST, , ,C,119,T,0,0, , ,0,0,0, ,0, , ,06/19/1979,1250,35.48,-80.87, , ,"","",207
10088845,ROBESON CO., ,06/19/1979,1830,Hail,1.00, ,0,0,0,0,NC,CST, , ,C,155,ATA,0,0, , ,0,0,0, ,0, , ,06/19/1979,1830,34.67,-79.07, , ,"","",208
10088848,RUTHERFORD CO., ,06/25/1979,1500,Hail,1.75, ,0,0,0,0,NC,CST, , ,C,161,ATA,0,0, , ,0,0,0, ,0, , ,06/25/1979,1500,35.37,-81.97, , ,"","",209
10088852,BRUNSWICK CO., ,07/04/1979,1840,Hail,1.00, ,0,0,0,0,NC,CST, , ,C,19,ATA,0,0, , ,0,0,0, ,0, , ,07/04/1979,1840,33.92,-78.03, , ,"","",210
10088860,PENDER CO., ,08/20/1979,1440,Hail,.75, ,0,0,0,0,NC,CST, , ,C,141,NG,0,0, , ,0,0,0, ,0, , ,08/20/1979,1440,34.37,-77.72, , ,"","",211
10088861,CUMBERLAND CO., ,08/21/1979,1300,Hail,1.00, ,0,0,0,0,NC,CST, , ,C,51, ,0,0, , ,0,0,0, ,0, , ,08/21/1979,1300,35.07,-78.90, , ,"","",212
10088862,CLEVELAND CO., ,08/21/1979,1330,Hail,1.00, ,0,0,0,0,NC,CST, , ,C,45,ATA,0,0, , ,0,0,0, ,0, , ,08/21/1979,1330,35.40,-81.53, , ,"","",213
10088865,LINCOLN CO., ,08/21/1979,1400,Hail,1.00, ,0,0,0,0,NC,CST, , ,C,109,ATA,0,0, , ,0,0,0, ,0, , ,08/21/1979,1400,35.48,-81.25, , ,"","",214
10088869,BLADEN CO., ,08/21/1979,1440,Hail,1.75, ,0,0,0,0,NC,CST, , ,C,17,ATA,0,0, , ,0,0,0, ,0, , ,08/21/1979,1440,34.58,-78.72, , ,"","",215
10088870,GUILFORD CO., ,08/21/1979,1600,Hail,1.00, ,0,0,0,0,NC,CST, , ,C,81,ATA,0,0, , ,0,0,0, ,0, , ,08/21/1979,1600,36.07,-79.80, , ,"","",216
10089720,ONSLOW CO., ,08/21/1979,1635,Hail,1.75, ,0,0,0,0,NC,CST, , ,C,133,NG,0,0, , ,0,0,0, ,0, , ,08/21/1979,1635,34.90,-77.53, , ,"","",217
10089943,CARTERET CO., ,02/23/1980,1843,Hail,1.00, ,0,0,0,0,NC,CST, , ,C,31,ATA,0,0, , ,0,0,0, ,0, , ,02/23/1980,1843,34.78,-76.85, , ,"","",218
10089944,JONES CO., ,02/23/1980,1845,Hail,1.00, ,0,0,0,0,NC,CST, , ,C,103,ATA,0,0, , ,0,0,0, ,0, , ,02/23/1980,1845,34.90,-77.23, , ,"","",219
10089946,PENDER CO., ,02/23/1980,1900,Hail,1.75, ,0,0,0,0,NC,CST, , ,C,141,T,0,0, , ,0,0,0, ,0, , ,02/23/1980,1900,34.57,-77.67, , ,"","",220
10089947,COLUMBUS CO., ,02/23/1980,1930,Hail,1.00, ,0,0,0,0,NC,CST, , ,C,47,ATA,0,0, , ,0,0,0, ,0, , ,02/23/1980,1930,34.33,-78.22, , ,"","",221
10089955,BRUNSWICK CO., ,04/04/1980,1143,Hail,.75, ,0,0,0,0,NC,CST, , ,C,19,T,0,0, , ,0,0,0, ,0, , ,04/04/1980,1143,34.07,-77.95, , ,"","",222
10089956,NEW HANOVER CO., ,04/04/1980,1158,Hail,.75, ,0,0,0,0,NC,CST, , ,C,129,ATA,0,0, , ,0,0,0, ,0, , ,04/04/1980,1158,34.28,-77.83, , ,"","",223
10089957,NEW HANOVER CO., ,04/04/1980,1158,Hail,1.75, ,0,0,0,0,NC,CST, , ,C,129,T,0,0, , ,0,0,0, ,0, , ,04/04/1980,1158,34.23,-77.93, , ,"","",224
10089963,RICHMOND CO., ,04/27/1980,1425,Hail,.75, ,0,0,0,0,NC,CST, , ,C,153,T,0,0, , ,0,0,0, ,0, , ,04/27/1980,1425,35.03,-79.75, , ,"","",225
10089964,WAKE CO., ,04/27/1980,1625,Hail,1.50, ,0,0,0,0,NC,CST, , ,C,183,T,0,0, , ,0,0,0, ,0, , ,04/27/1980,1625,35.95,-78.78, , ,"","",226
10089965,WAKE CO., ,04/27/1980,1630,Hail,1.75, ,0,0,0,0,NC,CST, , ,C,183,T,0,0, , ,0,0,0, ,0, , ,04/27/1980,1630,35.58,-78.78, , ,"","",227
10089966,WAKE CO., ,04/27/1980,1705,Hail,1.00, ,0,0,0,0,NC,CST, , ,C,183,ATA,0,0, , ,0,0,0, ,0, , ,04/27/1980,1705,35.72,-78.62, , ,"","",228
10089967,WILSON CO., ,04/27/1980,1820,Hail,1.00, ,0,0,0,0,NC,CST, , ,C,195,MT,0,0, , ,0,0,0, ,0, , ,04/27/1980,1820,35.73,-77.92, , ,"","",229
10089968,WAYNE CO., ,04/27/1980,2011,Hail,.75, ,0,0,0,0,NC,CST, , ,C,191,T,0,0, , ,0,0,0, ,0, , ,04/27/1980,2011,35.45,-78.07, , ,"","",230
10089970,BEAUFORT CO., ,05/20/1980,1330,Hail,1.75, ,0,0,0,0,NC,CST, , ,C,13,ATA,0,0, , ,0,0,0, ,0, , ,05/20/1980,1330,35.47,-77.05, , ,"","",231
10089977,MADISON CO., ,06/15/1980,1230,Hail,.75, ,0,0,0,0,NC,CST, , ,C,115,S,0,0, , ,0,0,0, ,0, , ,06/15/1980,1230,35.88,-82.85, , ,"","",232
10089978,MADISON CO., ,06/16/1980,1450,Hail,1.75, ,0,0,0,0,NC,CST, , ,C,115,ATA,0,0, , ,0,0,0, ,0, , ,06/16/1980,1450,35.83,-82.53, , ,"","",233
10089980,LINCOLN CO., ,06/16/1980,1500,Hail,1.75, ,0,0,0,0,NC,CST, , ,C,109,NG,0,0, , ,0,0,0, ,0, , ,06/16/1980,1500,35.52,-81.33, , ,"","",234
10089979,MCDOWELL CO., ,06/16/1980,1500,Hail,1.75, ,0,0,0,0,NC,CST, , ,C,111,ATA,0,0, , ,0,0,0, ,0, , ,06/16/1980,1500,35.63,-82.17, , ,"","",235
10089981,GASTON CO., ,06/16/1980,1555,Hail,1.75, ,0,0,0,0,NC,CST, , ,C,71,ATA,0,0, , ,0,0,0, ,0, , ,06/16/1980,1555,35.38,-81.08, , ,"","",236
10089982,CLEVELAND CO., ,06/16/1980,1600,Hail,2.75, ,0,0,0,0,NC,CST, , ,C,45,ATA,0,0, , ,0,0,0, ,0, , ,06/16/1980,1600,35.28,-81.57, , ,"","",237
10089983,MADISON CO., ,06/16/1980,1600,Hail,1.50, ,0,0,0,0,NC,CST, , ,C,115,MT,0,0, , ,0,0,0, ,0, , ,06/16/1980,1600,35.83,-82.53, , ,"","",238
10089997,LINCOLN CO., ,08/01/1980,1336,Hail,.75, ,0,0,0,0,NC,CST, , ,C,109,NG,0,0, , ,0,0,0, ,0, , ,08/01/1980,1336,35.47,-81.27, , ,"","",239
10089999,EDGECOMBE CO., ,08/01/1980,1501,Hail,1.00, ,0,0,0,0,NC,CST, , ,C,65,S,0,0, , ,0,0,0, ,0, , ,08/01/1980,1501,35.85,-77.90, , ,"","",240
10090002,DARE CO., ,08/01/1980,1620,Hail,1.75, ,0,0,0,0,NC,CST, , ,C,55,MT,0,0, , ,0,0,0, ,0, , ,08/01/1980,1620,35.83,-75.63, , ,"","",241
10090852,GRANVILLE CO., ,08/10/1980,1930,Hail,2.75, ,0,0,0,0,NC,CST, , ,C,77,ATA,0,0, , ,0,0,0, ,0, , ,08/10/1980,1930,36.32,-78.58, , ,"","",242
10091084,CRAVEN CO., ,02/20/1981,1041,Hail,.75, ,0,0,0,0,NC,CST, , ,C,49,T,0,0, , ,0,0,0, ,0, , ,02/20/1981,1041,34.65,-77.05, , ,"","",243
10091085,COLUMBUS CO., ,02/20/1981,1148,Hail,1.00, ,0,0,0,0,NC,CST, , ,C,47,NG,0,0, , ,0,0,0, ,0, , ,02/20/1981,1148,34.32,-79.03, , ,"","",244
10091087,CHATHAM CO., ,04/30/1981,1335,Hail,1.75, ,0,0,0,0,NC,CST, , ,C,37,PER,0,0, , ,0,0,0, ,0, , ,04/30/1981,1335,35.78,-79.27, , ,"","",245
10091088,WAKE CO., ,04/30/1981,1415,Hail,1.75, ,0,0,0,0,NC,CST, , ,C,183,MT,0,0, , ,0,0,0, ,0, , ,04/30/1981,1415,35.60,-78.73, , ,"","",246
10091089,WAYNE CO., ,04/30/1981,1541,Hail,1.00, ,0,0,0,0,NC,CST, , ,C,191,S,0,0, , ,0,0,0, ,0, , ,04/30/1981,1541,35.45,-77.97, , ,"","",247
10091090,PERSON CO., ,04/30/1981,1620,Hail,1.75, ,0,0,0,0,NC,CST, , ,C,145,T,0,0, , ,0,0,0, ,0, , ,04/30/1981,1620,36.40,-78.98, , ,"","",248
10091092,CRAVEN CO., ,04/30/1981,1634,Hail,1.75, ,0,0,0,0,NC,CST, , ,C,49,NG,0,0, , ,0,0,0, ,0, , ,04/30/1981,1634,35.18,-77.33, , ,"","",249
10091093,GRANVILLE CO., ,04/30/1981,1655,Hail,1.75, ,0,0,0,0,NC,CST, , ,C,77,ATA,0,0, , ,0,0,0, ,0, , ,04/30/1981,1655,36.32,-78.58, , ,"","",250
10091094,ONSLOW CO., ,05/19/1981,1445,Hail,1.75, ,0,0,0,0,NC,CST, , ,C,133,NG,0,0, , ,0,0,0, ,0, , ,05/19/1981,1445,34.75,-77.42, , ,"","",251
10091096,CHEROKEE CO., ,05/31/1981,1300,Hail,1.50, ,0,0,0,0,NC,CST, , ,C,39,NG,0,0, , ,0,0,0, ,0, , ,05/31/1981,1300,35.08,-84.03, , ,"","",252
10091099,MONTGOMERY CO., ,06/02/1981,1400,Hail,1.00, ,0,0,0,0,NC,CST, , ,C,123,ATA,0,0, , ,0,0,0, ,0, , ,06/02/1981,1400,35.37,-79.87, , ,"","",253
10091108,COLUMBUS CO., ,06/20/1981,1730,Hail,.88, ,0,0,0,0,NC,CST, , ,C,47,T,0,0, , ,0,0,0, ,0, , ,06/20/1981,1730,34.32,-78.92, , ,"","",254
10091114,STANLY CO., ,07/16/1981,1515,Hail,2.00, ,0,0,0,0,NC,CST, , ,C,167,ATA,0,0, , ,0,0,0, ,0, , ,07/16/1981,1515,35.27,-80.43, , ,"","",255
10091117,PERSON CO., ,07/24/1981,1720,Hail,1.75, ,0,0,0,0,NC,CST, , ,C,145, ,0,0, , ,0,0,0, ,0, , ,07/24/1981,1720,36.27,-79.05, , ,"","",256
10091119,MADISON CO., ,07/27/1981,1600,Hail,1.00, ,0,0,0,0,NC,CST, , ,C,115,ATA,0,0, , ,0,0,0, ,0, , ,07/27/1981,1600,35.78,-82.82, , ,"","",257
10091121,SAMPSON CO., ,07/27/1981,1900,Hail,1.00, ,0,0,0,0,NC,CST, , ,C,163,ATA,0,0, , ,0,0,0, ,0, , ,07/27/1981,1900,35.25,-78.35, , ,"","",258
10091126,VANCE CO., ,07/28/1981,1630,Hail,1.75, ,0,0,0,0,NC,CST, , ,C,181,T,0,0, , ,0,0,0, ,0, , ,07/28/1981,1630,36.33,-78.40, , ,"","",259
10090008,CRAVEN CO., ,03/21/1982,1740,Hail,1.00, ,0,0,0,0,NC,CST, , ,C,49,T,0,0, , ,0,0,0, ,0, , ,03/21/1982,1740,34.88,-76.88, , ,"","",260
10090009,BUNCOMBE CO., ,04/26/1982,1400,Hail,1.75, ,0,0,0,0,NC,CST, , ,C,21,ATA,0,0, , ,0,0,0, ,0, , ,04/26/1982,1400,35.60,-82.40, , ,"","",261
10090010,BUNCOMBE CO., ,04/26/1982,1415,Hail,1.75, ,0,0,0,0,NC,CST, , ,C,21,ATA,0,0, , ,0,0,0, ,0, , ,04/26/1982,1415,35.60,-82.32, , ,"","",262
10090012,GASTON CO., ,04/26/1982,2324,Hail,1.75, ,0,0,0,0,NC,CST, , ,C,71,ATA,0,0, , ,0,0,0, ,0, , ,04/26/1982,2324,35.25,-81.05, , ,"","",263
10090017,ROCKINGHAM CO., ,04/27/1982,1630,Hail,1.00, ,0,0,0,0,NC,CST, , ,C,157,MT,0,0, , ,0,0,0, ,0, , ,04/27/1982,1630,36.38,-79.97, , ,"","",264
10090019,GUILFORD CO., ,04/27/1982,1740,Hail,1.00, ,0,0,0,0,NC,CST, , ,C,81,ATA,0,0, , ,0,0,0, ,0, , ,04/27/1982,1740,36.12,-79.67, , ,"","",265
10090020,WAYNE CO., ,04/27/1982,1900,Hail,1.75, ,0,0,0,0,NC,CST, , ,C,191,LCO,0,0, , ,0,0,0, ,0, , ,04/27/1982,1900,35.28,-78.05, , ,"","",266
10090021,HARNETT CO., ,04/27/1982,2005,Hail,1.75, ,0,0,0,0,NC,CST, , ,C,85,LCO,0,0, , ,0,0,0, ,0, , ,04/27/1982,2005,35.32,-78.62, , ,"","",267
10090022,CABARRUS CO., ,05/16/1982,1700,Hail,1.00, ,0,0,0,0,NC,CST, , ,C,25,ATA,0,0, , ,0,0,0, ,0, , ,05/16/1982,1700,35.37,-80.53, , ,"","",268
10090024,HENDERSON CO., ,05/17/1982,1500,Hail,.75, ,0,0,0,0,NC,CST, , ,C,89,ATA,0,0, , ,0,0,0, ,0, , ,05/17/1982,1500,35.35,-82.47, , ,"","",269
10090026,BUNCOMBE CO., ,05/28/1982,1530,Hail,1.50, ,0,0,0,0,NC,CST, , ,C,21,ATA,0,0, , ,0,0,0, ,0, , ,05/28/1982,1530,35.60,-82.57, , ,"","",270
10090027,BUNCOMBE CO., ,05/29/1982,1445,Hail,1.50, ,0,0,0,0,NC,CST, , ,C,21,ATA,0,0, , ,0,0,0, ,0, , ,05/29/1982,1445,35.60,-82.57, , ,"","",271
10090028,FORSYTH CO., ,05/29/1982,1805,Hail,1.00, ,0,0,0,0,NC,CST, , ,C,67,ATA,0,0, , ,0,0,0, ,0, , ,05/29/1982,1805,36.02,-80.38, , ,"","",272
10090029,GUILFORD CO., ,05/29/1982,1825,Hail,1.75, ,0,0,0,0,NC,CST, , ,C,81,ATA,0,0, , ,0,0,0, ,0, , ,05/29/1982,1825,35.97,-80.00, , ,"","",273
10090031,HENDERSON CO., ,05/30/1982,1657,Hail,1.00, ,0,0,0,0,NC,CST, , ,C,89, ,0,0, , ,0,0,0, ,0, , ,05/30/1982,1657,35.32,-82.47, , ,"","",274
10090032,UNION CO., ,06/03/1982,1145,Hail,1.75, ,0,0,0,0,NC,CST, , ,C,179, ,0,0, , ,0,0,0, ,0, , ,06/03/1982,1145,35.05,-80.67, , ,"","",275
10090033,WAKE CO., ,06/03/1982,1310,Hail,1.75, ,0,0,0,0,NC,CST, , ,C,183, ,0,0, , ,0,0,0, ,0, , ,06/03/1982,1310,35.98,-78.52, , ,"","",276
10090034,WAKE CO., ,06/03/1982,1345,Hail,1.00, ,0,0,0,0,NC,CST, , ,C,183, ,0,0, , ,0,0,0, ,0, , ,06/03/1982,1345,35.92,-78.47, , ,"","",277
10090035,WAKE CO., ,06/03/1982,1700,Hail,1.00, ,0,0,0,0,NC,CST, , ,C,183,ATA,0,0, , ,0,0,0, ,0, , ,06/03/1982,1700,35.80,-78.67, , ,"","",278
10090039,PITT CO., ,06/04/1982,1630,Hail,1.00, ,0,0,0,0,NC,CST, , ,C,147, ,0,0, , ,0,0,0, ,0, , ,06/04/1982,1630,35.62,-77.38, , ,"","",279
10090043,SURRY CO., ,06/09/1982,1655,Hail,2.00, ,0,0,0,0,NC,CST, , ,C,171,ATA,0,0, , ,0,0,0, ,0, , ,06/09/1982,1655,36.42,-80.68, , ,"","",280
10090046,CUMBERLAND CO., ,06/10/1982,625,Hail,.75, ,0,0,0,0,NC,CST, , ,C,51, ,0,0, , ,0,0,0, ,0, , ,06/10/1982,625,35.07,-78.90, , ,"","",281
10090051,STOKES CO., ,06/10/1982,1720,Hail,2.00, ,0,0,0,0,NC,CST, , ,C,169, ,0,0, , ,0,0,0, ,0, , ,06/10/1982,1720,36.45,-80.38, , ,"","",282
10090057,WAKE CO., ,06/16/1982,1220,Hail,2.00, ,0,0,0,0,NC,CST, , ,C,183, ,0,0, , ,0,0,0, ,0, , ,06/16/1982,1220,35.80,-78.67, , ,"","",283
10090063,MOORE CO., ,06/16/1982,1920,Hail,.75, ,0,0,0,0,NC,CST, , ,C,125, ,0,0, , ,0,0,0, ,0, , ,06/16/1982,1920,35.18,-79.40, , ,"","",284
10090071,SAMPSON CO., ,07/04/1982,1830,Hail,1.00, ,0,0,0,0,NC,CST, , ,C,163,ATA,0,0, , ,0,0,0, ,0, , ,07/04/1982,1830,35.02,-78.52, , ,"","",285
10090922,CUMBERLAND CO., ,07/17/1982,1640,Hail,1.75, ,0,0,0,0,NC,CST, , ,C,51, ,0,0, , ,0,0,0, ,0, , ,07/17/1982,1640,34.90,-78.88, , ,"","",286
10091142,WARREN CO., ,08/17/1982,1200,Hail,.75, ,0,0,0,0,NC,CST, , ,C,185,ATA,0,0, , ,0,0,0, ,0, , ,08/17/1982,1200,36.38,-78.10, , ,"","",287
10091162,STANLY CO., ,03/08/1983,1430,Hail,1.00, ,0,0,0,0,NC,CST, , ,C,167,MT,0,0, , ,0,0,0, ,0, , ,03/08/1983,1430,35.32,-80.25, , ,"","",288
10091163,CABARRUS CO., ,03/08/1983,1438,Hail,1.25, ,0,0,0,0,NC,CST, , ,C,25,MT,0,0, , ,0,0,0, ,0, , ,03/08/1983,1438,35.40,-80.45, , ,"","",289
10091164,MECKLENBURG CO., ,03/08/1983,1530,Hail,1.75, ,0,0,0,0,NC,CST, , ,C,119,AT,0,0, , ,0,0,0, ,0, , ,03/08/1983,1530,35.22,-80.82, , ,"","",290
10091165,STANLY CO., ,03/08/1983,1630,Hail,1.75, ,0,0,0,0,NC,CST, , ,C,167,AT,0,0, , ,0,0,0, ,0, , ,03/08/1983,1630,35.32,-80.25, , ,"","",291
10091166,UNION CO., ,03/08/1983,1630,Hail,1.75, ,0,0,0,0,NC,CST, , ,C,179,AT,0,0, , ,0,0,0, ,0, , ,03/08/1983,1630,34.98,-80.55, , ,"","",292
10091168,ANSON CO., ,03/08/1983,1730,Hail,1.75, ,0,0,0,0,NC,CST, , ,C,7,AT,0,0, , ,0,0,0, ,0, , ,03/08/1983,1730,34.98,-80.12, , ,"","",293
10091169,PENDER CO., ,03/09/1983,1510,Hail,.75, ,0,0,0,0,NC,CST, , ,C,141,NG,0,0, , ,0,0,0, ,0, , ,03/09/1983,1510,34.55,-77.93, , ,"","",294
10091172,ONSLOW CO., ,03/21/1983,505,Hail,.75, ,0,0,0,0,NC,CST, , ,C,133,T,0,0, , ,0,0,0, ,0, , ,03/21/1983,505,34.95,-77.53, , ,"","",295
10091176,ONSLOW CO., ,03/21/1983,900,Hail,.75, ,0,0,0,0,NC,CST, , ,C,133,AT,0,0, , ,0,0,0, ,0, , ,03/21/1983,900,34.90,-77.53, , ,"","",296
10091180,IREDELL CO., ,03/27/1983,1800,Hail,1.75, ,0,0,0,0,NC,CST, , ,C,97,AT,0,0, , ,0,0,0, ,0, , ,03/27/1983,1800,35.77,-80.87, , ,"","",297
10091182,YADKIN CO., ,03/27/1983,1900,Hail,1.75, ,0,0,0,0,NC,CST, , ,C,197,AT,0,0, , ,0,0,0, ,0, , ,03/27/1983,1900,36.15,-80.65, , ,"","",298
10091184,DAVIE CO., ,03/27/1983,2000,Hail,1.75, ,0,0,0,0,NC,CST, , ,C,59,AT,0,0, , ,0,0,0, ,0, , ,03/27/1983,2000,35.92,-80.52, , ,"","",299
10091188,GUILFORD CO., ,04/02/1983,1913,Hail,2.75, ,0,0,0,0,NC,CST, , ,C,81,T,0,0, , ,0,0,0, ,0, , ,04/02/1983,1913,36.12,-79.58, , ,"","",300
10091189,RANDOLPH CO., ,04/02/1983,1932,Hail,1.75, ,0,0,0,0,NC,CST, , ,C,151,T,0,0, , ,0,0,0, ,0, , ,04/02/1983,1932,35.73,-79.67, , ,"","",301
10091190,MOORE CO., ,04/02/1983,1940,Hail,1.75, ,0,0,0,0,NC,CST, , ,C,125,MT,0,0, , ,0,0,0, ,0, , ,04/02/1983,1940,35.47,-79.72, , ,"","",302
10091191,ORANGE CO., ,04/02/1983,2045,Hail,1.00, ,0,0,0,0,NC,CST, , ,C,135,MT,0,0, , ,0,0,0, ,0, , ,04/02/1983,2045,36.13,-79.12, , ,"","",303
10091201,DUPLIN CO., ,05/23/1983,1230,Hail,2.50, ,0,0,0,0,NC,CST, , ,C,61,AT,0,0, , ,0,0,0, ,0, , ,05/23/1983,1230,35.07,-78.12, , ,"","",304
10091202,JOHNSTON CO., ,05/23/1983,1245,Hail,1.75, ,0,0,0,0,NC,CST, , ,C,101,MT,0,0, , ,0,0,0, ,0, , ,05/23/1983,1245,35.45,-78.43, , ,"","",305
10087526,CARTERET CO., ,05/24/1983,1240,Hail,1.75, ,0,0,0,0,NC,CST, , ,C,31,NG,0,0, , ,0,0,0, ,0, , ,05/24/1983,1240,34.78,-76.85, , ,"","",306
10087527,WAKE CO., ,05/26/1983,1420,Hail,1.75, ,0,0,0,0,NC,CST, , ,C,183,T,0,0, , ,0,0,0, ,0, , ,05/26/1983,1420,35.80,-78.67, , ,"","",307
10087528,ORANGE CO., ,05/26/1983,1520,Hail,1.00, ,0,0,0,0,NC,CST, , ,C,135,T,0,0, , ,0,0,0, ,0, , ,05/26/1983,1520,36.08,-79.12, , ,"","",308
10087815,COLUMBUS CO., ,05/30/1983,1145,Hail,.75, ,0,0,0,0,NC,CST, , ,C,47,MT,0,0, , ,0,0,0, ,0, , ,05/30/1983,1145,34.32,-78.42, , ,"","",309
10087862,BERTIE CO., ,08/09/1983,1620,Hail,1.75, ,0,0,0,0,NC,CST, , ,C,15,AT,0,0, , ,0,0,0, ,0, , ,08/09/1983,1620,36.00,-76.95, , ,"","",310
10088976,CUMBERLAND CO., ,03/25/1984,1900,Hail,1.75, ,0,0,0,0,NC,CST, , ,C,51,MT,0,0, , ,0,0,0, ,0, , ,03/25/1984,1900,35.02,-78.85, , ,"","",311
10088977,MACON CO., ,03/28/1984,1305,Hail,2.75, ,0,0,0,0,NC,CST, , ,C,113,NG,0,0, , ,0,0,0, ,0, , ,03/28/1984,1305,35.12,-83.47, , ,"","",312
10088980,CUMBERLAND CO., ,03/28/1984,1735,Hail,1.75, ,0,0,0,0,NC,CST, , ,C,51,AT,0,0, , ,0,0,0, ,0, , ,03/28/1984,1735,35.07,-78.90, , ,"","",313
10088981,CUMBERLAND CO., ,03/28/1984,1755,Hail,2.50, ,0,0,0,0,NC,CST, , ,C,51,AT,0,0, , ,0,0,0, ,0, , ,03/28/1984,1755,35.13,-78.83, , ,"","",314
10088982,HOKE CO., ,03/28/1984,1800,Hail,.75, ,0,0,0,0,NC,CST, , ,C,93,AT,0,0, , ,0,0,0, ,0, , ,03/28/1984,1800,34.92,-79.15, , ,"","",315
10088983,HARNETT CO., ,03/28/1984,1805,Hail,1.75, ,0,0,0,0,NC,CST, , ,C,85,AT,0,0, , ,0,0,0, ,0, , ,03/28/1984,1805,35.37,-78.85, , ,"","",316
10088984,MOORE CO., ,03/28/1984,1810,Hail,1.75, ,0,0,0,0,NC,CST, , ,C,125,AT,0,0, , ,0,0,0, ,0, , ,03/28/1984,1810,35.35,-79.42, , ,"","",317
10088985,SCOTLAND CO., ,03/28/1984,1815,Hail,1.00, ,0,0,0,0,NC,CST, , ,C,165,T,0,0, , ,0,0,0, ,0, , ,03/28/1984,1815,34.83,-79.48, , ,"","",318
10088986,JOHNSTON CO., ,03/28/1984,1815,Hail,1.75, ,0,0,0,0,NC,CST, , ,C,101,AT,0,0, , ,0,0,0, ,0, , ,03/28/1984,1815,35.38,-78.55, , ,"","",319
10088996,MECKLENBURG CO., ,03/28/1984,1920,Hail,1.75, ,0,0,0,0,NC,CST, , ,C,119,T,0,0, , ,0,0,0, ,0, , ,03/28/1984,1920,35.22,-80.82, , ,"","",320
10088321,BRUNSWICK CO., ,04/14/1984,355,Hail,1.75, ,0,0,0,0,NC,CST, , ,C,19,NG,0,0, , ,0,0,0, ,0, , ,04/14/1984,355,34.02,-78.27, , ,"","",321
10088322,BUNCOMBE CO., ,04/14/1984,1135,Hail,1.75, ,0,0,0,0,NC,CST, , ,C,21,AT,0,0, , ,0,0,0, ,0, , ,04/14/1984,1135,35.58,-82.50, , ,"","",322
10088323,WILKES CO., ,04/14/1984,1135,Hail,1.75, ,0,0,0,0,NC,CST, , ,C,193,AT,0,0, , ,0,0,0, ,0, , ,04/14/1984,1135,36.20,-81.18, , ,"","",323
10088324,GRANVILLE CO., ,04/14/1984,1315,Hail,1.75, ,0,0,0,0,NC,CST, , ,C,77,NG,0,0, , ,0,0,0, ,0, , ,04/14/1984,1315,36.32,-78.58, , ,"","",324
10088325,MECKLENBURG CO., ,04/14/1984,1330,Hail,.75, ,0,0,0,0,NC,CST, , ,C,119,AT,0,0, , ,0,0,0, ,0, , ,04/14/1984,1330,35.23,-80.85, , ,"","",325
10088326,VANCE CO., ,04/14/1984,1400,Hail,1.75, ,0,0,0,0,NC,CST, , ,C,181,MT,0,0, , ,0,0,0, ,0, , ,04/14/1984,1400,36.28,-78.37, , ,"","",326
10088327,WARREN CO., ,04/14/1984,1400,Hail,1.00, ,0,0,0,0,NC,CST, , ,C,185,MT,0,0, , ,0,0,0, ,0, , ,04/14/1984,1400,36.33,-78.22, , ,"","",327
10088328,WILKES CO., ,04/14/1984,1420,Hail,1.00, ,0,0,0,0,NC,CST, , ,C,193,NG,0,0, , ,0,0,0, ,0, , ,04/14/1984,1420,36.25,-81.18, , ,"","",328
10088329,CABARRUS CO., ,04/14/1984,1430,Hail,1.75, ,0,0,0,0,NC,CST, , ,C,25,NG,0,0, , ,0,0,0, ,0, , ,04/14/1984,1430,35.23,-80.55, , ,"","",329
10088332,FRANKLIN CO., ,04/14/1984,1435,Hail,1.75, ,0,0,0,0,NC,CST, , ,C,69,MT,0,0, , ,0,0,0, ,0, , ,04/14/1984,1435,36.20,-78.30, , ,"","",330
10088333,HALIFAX CO., ,04/14/1984,1450,Hail,1.75, ,0,0,0,0,NC,CST, , ,C,83,AT,0,0, , ,0,0,0, ,0, , ,04/14/1984,1450,36.25,-77.93, , ,"","",331
10088335,WILKES CO., ,04/14/1984,1455,Hail,1.00, ,0,0,0,0,NC,CST, , ,C,193,AT,0,0, , ,0,0,0, ,0, , ,04/14/1984,1455,36.18,-81.23, , ,"","",332
10088337,FORSYTH CO., ,04/14/1984,1535,Hail,2.50, ,0,0,0,0,NC,CST, , ,C,67,NG,0,0, , ,0,0,0, ,0, , ,04/14/1984,1535,36.13,-80.23, , ,"","",333
10088338,STOKES CO., ,04/14/1984,1600,Hail,1.75, ,0,0,0,0,NC,CST, , ,C,169,T,0,0, , ,0,0,0, ,0, , ,04/14/1984,1600,36.52,-80.28, , ,"","",334
10088339,GUILFORD CO., ,04/14/1984,1610,Hail,1.75, ,0,0,0,0,NC,CST, , ,C,81,AT,0,0, , ,0,0,0, ,0, , ,04/14/1984,1610,36.23,-79.62, , ,"","",335
10088341,ROCKINGHAM CO., ,04/14/1984,1625,Hail,.75, ,0,0,0,0,NC,CST, , ,C,157,T,0,0, , ,0,0,0, ,0, , ,04/14/1984,1625,36.50,-79.75, , ,"","",336
10088343,MOORE CO., ,04/14/1984,1722,Hail,1.75, ,0,0,0,0,NC,CST, , ,C,125,AT,0,0, , ,0,0,0, ,0, , ,04/14/1984,1722,35.18,-79.40, , ,"","",337
10088344,HARNETT CO., ,04/14/1984,1800,Hail,.75, ,0,0,0,0,NC,CST, , ,C,85,T,0,0, , ,0,0,0, ,0, , ,04/14/1984,1800,35.37,-78.85, , ,"","",338
10088345,HARNETT CO., ,04/14/1984,1800,Hail,.75, ,0,0,0,0,NC,CST, , ,C,85,AT,0,0, , ,0,0,0, ,0, , ,04/14/1984,1800,35.30,-79.00, , ,"","",339
10088348,PITT CO., ,04/15/1984,410,Hail,.75, ,0,0,0,0,NC,CST, , ,C,147,T,0,0, , ,0,0,0, ,0, , ,04/15/1984,410,35.70,-77.52, , ,"","",340
10088351,SAMPSON CO., ,04/15/1984,1425,Hail,1.75, ,0,0,0,0,NC,CST, , ,C,163,MT,0,0, , ,0,0,0, ,0, , ,04/15/1984,1425,34.98,-78.38, , ,"","",341
10088352,LENOIR CO., ,04/15/1984,1430,Hail,1.75, ,0,0,0,0,NC,CST, , ,C,107,NG,0,0, , ,0,0,0, ,0, , ,04/15/1984,1430,35.25,-77.63, , ,"","",342
10088353,SAMPSON CO., ,04/15/1984,1450,Hail,1.75, ,0,0,0,0,NC,CST, , ,C,163,AT,0,0, , ,0,0,0, ,0, , ,04/15/1984,1450,35.17,-78.35, , ,"","",343
10088354,WAYNE CO., ,04/15/1984,1510,Hail,.75, ,0,0,0,0,NC,CST, , ,C,191,T,0,0, , ,0,0,0, ,0, , ,04/15/1984,1510,35.20,-78.07, , ,"","",344
10088355,DUPLIN CO., ,04/15/1984,1510,Hail,.75, ,0,0,0,0,NC,CST, , ,C,61,AT,0,0, , ,0,0,0, ,0, , ,04/15/1984,1510,35.20,-78.07, , ,"","",345
10088356,GREENE CO., ,04/15/1984,1545,Hail,1.00, ,0,0,0,0,NC,CST, , ,C,79,T,0,0, , ,0,0,0, ,0, , ,04/15/1984,1545,35.45,-77.68, , ,"","",346
10088358,GREENE CO., ,04/15/1984,1545,Hail,1.00, ,0,0,0,0,NC,CST, , ,C,79,AT,0,0, , ,0,0,0, ,0, , ,04/15/1984,1545,35.45,-77.68, , ,"","",347
10088357,PITT CO., ,04/15/1984,1545,Hail,1.75, ,0,0,0,0,NC,CST, , ,C,147,T,0,0, , ,0,0,0, ,0, , ,04/15/1984,1545,35.60,-77.35, , ,"","",348
10088360,PITT CO., ,04/15/1984,1605,Hail,.75, ,0,0,0,0,NC,CST, , ,C,147,T,0,0, , ,0,0,0, ,0, , ,04/15/1984,1605,35.53,-77.45, , ,"","",349
10088361,MARTIN CO., ,04/15/1984,1610,Hail,.75, ,0,0,0,0,NC,CST, , ,C,117,T,0,0, , ,0,0,0, ,0, , ,04/15/1984,1610,35.82,-76.90, , ,"","",350
10088370,CUMBERLAND CO., ,04/30/1984,1645,Hail,.75, ,0,0,0,0,NC,CST, , ,C,51,T,0,0, , ,0,0,0, ,0, , ,04/30/1984,1645,35.07,-78.90, , ,"","",351
10088371,LENOIR CO., ,04/30/1984,1730,Hail,.75, ,0,0,0,0,NC,CST, , ,C,107,T,0,0, , ,0,0,0, ,0, , ,04/30/1984,1730,35.25,-77.63, , ,"","",352
10088372,HOKE CO., ,04/30/1984,2025,Hail,.75, ,0,0,0,0,NC,CST, , ,C,93,NG,0,0, , ,0,0,0, ,0, , ,04/30/1984,2025,34.98,-79.22, , ,"","",353
10088373,CUMBERLAND CO., ,04/30/1984,2045,Hail,1.75, ,0,0,0,0,NC,CST, , ,C,51,MT,0,0, , ,0,0,0, ,0, , ,04/30/1984,2045,35.07,-78.90, , ,"","",354
10089227,GASTON CO., ,05/06/1984,400,Hail,.75, ,0,0,0,0,NC,CST, , ,C,71,ATA,0,0, , ,0,0,0, ,0, , ,05/06/1984,400,35.38,-81.38, , ,"","",355
10089228,LINCOLN CO., ,05/06/1984,510,Hail,.75, ,0,0,0,0,NC,CST, , ,C,109,ATA,0,0, , ,0,0,0, ,0, , ,05/06/1984,510,35.47,-81.27, , ,"","",356
10089441,GUILFORD CO., ,05/06/1984,600,Hail,1.75, ,0,0,0,0,NC,CST, , ,C,81,ATA,0,0, , ,0,0,0, ,0, , ,05/06/1984,600,36.07,-79.70, , ,"","",357
10089442,DURHAM CO., ,05/06/1984,700,Hail,1.00, ,0,0,0,0,NC,CST, , ,C,63,T,0,0, , ,0,0,0, ,0, , ,05/06/1984,700,36.02,-78.92, , ,"","",358
10089443,FRANKLIN CO., ,05/06/1984,745,Hail,.75, ,0,0,0,0,NC,CST, , ,C,69,AT,0,0, , ,0,0,0, ,0, , ,05/06/1984,745,35.95,-78.23, , ,"","",359
10089445,GRANVILLE CO., ,05/06/1984,745,Hail,.75, ,0,0,0,0,NC,CST, , ,C,77,T,0,0, , ,0,0,0, ,0, , ,05/06/1984,745,36.30,-78.63, , ,"","",360
10089444,ORANGE CO., ,05/06/1984,745,Hail,1.00, ,0,0,0,0,NC,CST, , ,C,135,ATA,0,0, , ,0,0,0, ,0, , ,05/06/1984,745,35.92,-79.07, , ,"","",361
10089450,WATAUGA CO., ,05/06/1984,2215,Hail,1.75, ,0,0,0,0,NC,CST, , ,C,189,MT,0,0, , ,0,0,0, ,0, , ,05/06/1984,2215,36.22,-81.68, , ,"","",362
10089451,WATAUGA CO., ,05/06/1984,2315,Hail,1.75, ,0,0,0,0,NC,CST, , ,C,189,ATA,0,0, , ,0,0,0, ,0, , ,05/06/1984,2315,36.22,-81.68, , ,"","",363
10089452,MECKLENBURG CO., ,05/07/1984,328,Hail,.75, ,0,0,0,0,NC,CST, , ,C,119,ATA,0,0, , ,0,0,0, ,0, , ,05/07/1984,328,35.22,-80.82, , ,"","",364
10089471,PITT CO., ,05/08/1984,1520,Hail,1.75, ,0,0,0,0,NC,CST, , ,C,147,T,0,0, , ,0,0,0, ,0, , ,05/08/1984,1520,35.53,-77.42, , ,"","",365
10089472,HARNETT CO., ,05/08/1984,1530,Hail,1.00, ,0,0,0,0,NC,CST, , ,C,85,T,0,0, , ,0,0,0, ,0, , ,05/08/1984,1530,35.42,-78.68, , ,"","",366
10089475,ROBESON CO., ,05/08/1984,1545,Hail,1.00, ,0,0,0,0,NC,CST, , ,C,155,T,0,0, , ,0,0,0, ,0, , ,05/08/1984,1545,34.53,-79.28, , ,"","",367
10089477,JOHNSTON CO., ,05/08/1984,1550,Hail,.75, ,0,0,0,0,NC,CST, , ,C,101,T,0,0, , ,0,0,0, ,0, , ,05/08/1984,1550,35.48,-78.55, , ,"","",368
10089478,JOHNSTON CO., ,05/08/1984,1620,Hail,1.75, ,0,0,0,0,NC,CST, , ,C,101,AT,0,0, , ,0,0,0, ,0, , ,05/08/1984,1620,35.55,-78.40, , ,"","",369
10089479,WILSON CO., ,05/08/1984,1620,Hail,.75, ,0,0,0,0,NC,CST, , ,C,195,T,0,0, , ,0,0,0, ,0, , ,05/08/1984,1620,35.73,-77.92, , ,"","",370
10089485,LENOIR CO., ,05/08/1984,1756,Hail,1.75, ,0,0,0,0,NC,CST, , ,C,107,R O,0,0, , ,0,0,0, ,0, , ,05/08/1984,1756,35.20,-77.68, , ,"","",371
10089486,PITT CO., ,05/08/1984,1758,Hail,1.75, ,0,0,0,0,NC,CST, , ,C,147,T,0,0, , ,0,0,0, ,0, , ,05/08/1984,1758,35.38,-77.62, , ,"","",372
10089488,LENOIR CO., ,05/08/1984,1825,Hail,1.00, ,0,0,0,0,NC,CST, , ,C,107,T,0,0, , ,0,0,0, ,0, , ,05/08/1984,1825,35.27,-77.58, , ,"","",373
10089495,PENDER CO., ,05/08/1984,1939,Hail,.75, ,0,0,0,0,NC,CST, , ,C,141,T,0,0, , ,0,0,0, ,0, , ,05/08/1984,1939,34.58,-77.85, , ,"","",374
10089496,GASTON CO., ,05/26/1984,1945,Hail,.75, ,0,0,0,0,NC,CST, , ,C,71,T,0,0, , ,0,0,0, ,0, , ,05/26/1984,1945,35.35,-81.10, , ,"","",375
10089497,MECKLENBURG CO., ,05/26/1984,1945,Hail,.75, ,0,0,0,0,NC,CST, , ,C,119,T,0,0, , ,0,0,0, ,0, , ,05/26/1984,1945,35.43,-80.88, , ,"","",376
10089501,ALAMANCE CO., ,05/29/1984,1650,Hail,.75, ,0,0,0,0,NC,CST, , ,C,1,RPT,0,0, , ,0,0,0, ,0, , ,05/29/1984,1650,36.03,-79.38, , ,"","",377
10089508,ONSLOW CO., ,06/15/1984,1550,Hail,1.75, ,0,0,0,0,NC,CST, , ,C,133,NG,0,0, , ,0,0,0, ,0, , ,06/15/1984,1550,34.75,-77.42, , ,"","",378
10090080,MECKLENBURG CO., ,06/20/1984,1600,Hail,.75, ,0,0,0,0,NC,CST, , ,C,119,T,0,0, , ,0,0,0, ,0, , ,06/20/1984,1600,35.23,-80.85, , ,"","",379
10090088,ROCKINGHAM CO., ,07/10/1984,1545,Hail,.75, ,0,0,0,0,NC,CST, , ,C,157,T,0,0, , ,0,0,0, ,0, , ,07/10/1984,1545,36.38,-79.80, , ,"","",380
10090111,FORSYTH CO., ,07/25/1984,1540,Hail,1.75, ,0,0,0,0,NC,CST, , ,C,67,MT,0,0, , ,0,0,0, ,0, , ,07/25/1984,1540,36.08,-80.23, , ,"","",381
10090128,CALDWELL CO., ,08/30/1984,1300,Hail,1.75, ,0,0,0,0,NC,CST, , ,C,27,AT,0,0, , ,0,0,0, ,0, , ,08/30/1984,1300,35.92,-81.55, , ,"","",382
10090131,DAVIDSON CO., ,08/30/1984,1444,Hail,.75, ,0,0,0,0,NC,CST, , ,C,57,AT,0,0, , ,0,0,0, ,0, , ,08/30/1984,1444,35.93,-80.27, , ,"","",383
10090132,DAVIDSON CO., ,08/30/1984,1500,Hail,1.75, ,0,0,0,0,NC,CST, , ,C,57,T,0,0, , ,0,0,0, ,0, , ,08/30/1984,1500,35.93,-80.27, , ,"","",384
10090136,DUPLIN CO., ,09/04/1984,1415,Hail,1.75, ,0,0,0,0,NC,CST, , ,C,61,LCO,0,0, , ,0,0,0, ,0, , ,09/04/1984,1415,34.93,-78.00, , ,"","",385
10090137,ROBESON CO., ,09/04/1984,1415,Hail,.75, ,0,0,0,0,NC,CST, , ,C,155,AT,0,0, , ,0,0,0, ,0, , ,09/04/1984,1415,34.55,-79.17, , ,"","",386
10090138,ROBESON CO., ,09/04/1984,1430,Hail,.75, ,0,0,0,0,NC,CST, , ,C,155,T,0,0, , ,0,0,0, ,0, , ,09/04/1984,1430,34.55,-79.17, , ,"","",387
10090139,ROBESON CO., ,09/04/1984,1435,Hail,1.75, ,0,0,0,0,NC,CST, , ,C,155,AT,0,0, , ,0,0,0, ,0, , ,09/04/1984,1435,34.62,-79.00, , ,"","",388
10090143,DUPLIN CO., ,09/15/1984,1545,Hail,1.75, ,0,0,0,0,NC,CST, , ,C,61,AT,0,0, , ,0,0,0, ,0, , ,09/15/1984,1545,34.73,-78.00, , ,"","",389
10091207,BLADEN CO., ,09/15/1984,1615,Hail,.75, ,0,0,0,0,NC,CST, , ,C,17,AT,0,0, , ,0,0,0, ,0, , ,09/15/1984,1615,34.65,-78.72, , ,"","",390
10091208,ONSLOW CO., ,09/15/1984,1700,Hail,1.75, ,0,0,0,0,NC,CST, , ,C,133,T,0,0, , ,0,0,0, ,0, , ,09/15/1984,1700,34.75,-77.42, , ,"","",391
10091210,CARTERET CO., ,09/15/1984,1735,Hail,1.75, ,0,0,0,0,NC,CST, , ,C,31,T,0,0, , ,0,0,0, ,0, , ,09/15/1984,1735,34.83,-76.77, , ,"","",392
10091211,CARTERET CO., ,09/15/1984,1830,Hail,1.75, ,0,0,0,0,NC,CST, , ,C,31,AT,0,0, , ,0,0,0, ,0, , ,09/15/1984,1830,34.72,-76.70, , ,"","",393
10091212,CARTERET CO., ,09/15/1984,1830,Hail,1.75, ,0,0,0,0,NC,CST, , ,C,31,AT,0,0, , ,0,0,0, ,0, , ,09/15/1984,1830,34.78,-76.50, , ,"","",394
10091221,DUPLIN CO., ,03/24/1985,1235,Hail,.75, ,0,0,0,0,NC,CST, , ,C,61,AT,0,0, , ,0,0,0, ,0, , ,03/24/1985,1235,34.95,-78.03, , ,"","",395
10091222,ROBESON CO., ,03/24/1985,1337,Hail,.75, ,0,0,0,0,NC,CST, , ,C,155,AT,0,0, , ,0,0,0, ,0, , ,03/24/1985,1337,34.62,-78.98, , ,"","",396
10091223,MOORE CO., ,03/24/1985,1340,Hail,.75, ,0,0,0,0,NC,CST, , ,C,125,R,0,0, , ,0,0,0, ,0, , ,03/24/1985,1340,35.32,-79.50, , ,"","",397
10091224,SCOTLAND CO., ,03/24/1985,1355,Hail,.75, ,0,0,0,0,NC,CST, , ,C,165,MT,0,0, , ,0,0,0, ,0, , ,03/24/1985,1355,34.77,-79.45, , ,"","",398
10091225,RICHMOND CO., ,03/24/1985,1400,Hail,.88, ,0,0,0,0,NC,CST, , ,C,153,R,0,0, , ,0,0,0, ,0, , ,03/24/1985,1400,35.00,-79.72, , ,"","",399
10091226,CHATHAM CO., ,03/24/1985,1405,Hail,.75, ,0,0,0,0,NC,CST, , ,C,37,MT,0,0, , ,0,0,0, ,0, , ,03/24/1985,1405,35.73,-79.47, , ,"","",400
10091227,CARTERET CO., ,03/24/1985,1410,Hail,1.75, ,0,0,0,0,NC,CST, , ,C,31,AT,0,0, , ,0,0,0, ,0, , ,03/24/1985,1410,34.88,-76.65, , ,"","",401
10091228,ALAMANCE CO., ,03/24/1985,1445,Hail,1.00, ,0,0,0,0,NC,CST, , ,C,1,AT,0,0, , ,0,0,0, ,0, , ,03/24/1985,1445,36.07,-79.40, , ,"","",402
10091229,ORANGE CO., ,03/24/1985,1520,Hail,.75, ,0,0,0,0,NC,CST, , ,C,135,AT,0,0, , ,0,0,0, ,0, , ,03/24/1985,1520,35.93,-79.12, , ,"","",403
10091230,ALAMANCE CO., ,03/24/1985,1545,Hail,1.00, ,0,0,0,0,NC,CST, , ,C,1,R,0,0, , ,0,0,0, ,0, , ,03/24/1985,1545,36.08,-79.40, , ,"","",404
10091231,LEE CO., ,03/24/1985,1624,Hail,.75, ,0,0,0,0,NC,CST, , ,C,105,AT,0,0, , ,0,0,0, ,0, , ,03/24/1985,1624,35.50,-79.17, , ,"","",405
10091232,LEE CO., ,03/24/1985,1649,Hail,1.00, ,0,0,0,0,NC,CST, , ,C,105,R,0,0, , ,0,0,0, ,0, , ,03/24/1985,1649,35.45,-79.07, , ,"","",406
10091233,HARNETT CO., ,03/24/1985,1705,Hail,.75, ,0,0,0,0,NC,CST, , ,C,85,R,0,0, , ,0,0,0, ,0, , ,03/24/1985,1705,35.42,-78.95, , ,"","",407
10091234,HARNETT CO., ,03/24/1985,1737,Hail,.75, ,0,0,0,0,NC,CST, , ,C,85,R,0,0, , ,0,0,0, ,0, , ,03/24/1985,1737,35.40,-78.83, , ,"","",408
10091235,DURHAM CO., ,03/24/1985,1805,Hail,.75, ,0,0,0,0,NC,CST, , ,C,63,AT,0,0, , ,0,0,0, ,0, , ,03/24/1985,1805,36.03,-78.80, , ,"","",409
10091236,VANCE CO., ,03/24/1985,2000,Hail,1.00, ,0,0,0,0,NC,CST, , ,C,181,AT,0,0, , ,0,0,0, ,0, , ,03/24/1985,2000,36.23,-78.43, , ,"","",410
10091240,PENDER CO., ,04/16/1985,1130,Hail,.88, ,0,0,0,0,NC,CST, , ,C,141,AT,0,0, , ,0,0,0, ,0, , ,04/16/1985,1130,34.55,-77.93, , ,"","",411
10091241,CUMBERLAND CO., ,04/16/1985,1207,Hail,1.00, ,0,0,0,0,NC,CST, , ,C,51,AT,0,0, , ,0,0,0, ,0, , ,04/16/1985,1207,35.07,-78.90, , ,"","",412
10091242,MOORE CO., ,04/16/1985,1215,Hail,.75, ,0,0,0,0,NC,CST, , ,C,125,AT,0,0, , ,0,0,0, ,0, , ,04/16/1985,1215,35.35,-79.42, , ,"","",413
10091244,CUMBERLAND CO., ,04/16/1985,1220,Hail,1.75, ,0,0,0,0,NC,CST, , ,C,51,AT,0,0, , ,0,0,0, ,0, , ,04/16/1985,1220,34.95,-78.77, , ,"","",414
10091246,COLUMBUS CO., ,04/16/1985,1220,Hail,1.00, ,0,0,0,0,NC,CST, , ,C,47,AT,0,0, , ,0,0,0, ,0, , ,04/16/1985,1220,34.27,-78.65, , ,"","",415
10091245,COLUMBUS CO., ,04/16/1985,1220,Hail,1.00, ,0,0,0,0,NC,CST, , ,C,47,AT,0,0, , ,0,0,0, ,0, , ,04/16/1985,1220,34.32,-78.82, , ,"","",416
10091247,CUMBERLAND CO., ,04/16/1985,1253,Hail,.75, ,0,0,0,0,NC,CST, , ,C,51,AT,0,0, , ,0,0,0, ,0, , ,04/16/1985,1253,35.17,-79.00, , ,"","",417
10091248,CUMBERLAND CO., ,04/16/1985,1310,Hail,1.75, ,0,0,0,0,NC,CST, , ,C,51,AT,0,0, , ,0,0,0, ,0, , ,04/16/1985,1310,35.07,-78.90, , ,"","",418
10091249,PENDER CO., ,04/16/1985,1315,Hail,.75, ,0,0,0,0,NC,CST, , ,C,141,AT,0,0, , ,0,0,0, ,0, , ,04/16/1985,1315,34.55,-78.10, , ,"","",419
10091250,FORSYTH CO., ,04/16/1985,1315,Hail,1.75, ,0,0,0,0,NC,CST, , ,C,67,AT,0,0, , ,0,0,0, ,0, , ,04/16/1985,1315,36.17,-80.32, , ,"","",420
10091251,SAMPSON CO., ,04/16/1985,1410,Hail,1.00, ,0,0,0,0,NC,CST, , ,C,163,AT,0,0, , ,0,0,0, ,0, , ,04/16/1985,1410,35.10,-78.33, , ,"","",421
10091252,WAKE CO., ,04/16/1985,1410,Hail,.88, ,0,0,0,0,NC,CST, , ,C,183,AT,0,0, , ,0,0,0, ,0, , ,04/16/1985,1410,35.82,-78.33, , ,"","",422
10091253,JOHNSTON CO., ,04/16/1985,1430,Hail,.75, ,0,0,0,0,NC,CST, , ,C,101,AT,0,0, , ,0,0,0, ,0, , ,04/16/1985,1430,35.50,-78.35, , ,"","",423
10091255,PENDER CO., ,04/16/1985,1440,Hail,1.75, ,0,0,0,0,NC,CST, , ,C,141,AT,0,0, , ,0,0,0, ,0, , ,04/16/1985,1440,34.55,-78.05, , ,"","",424
10091256,WAYNE CO., ,04/16/1985,1459,Hail,.75, ,0,0,0,0,NC,CST, , ,C,191,S,0,0, , ,0,0,0, ,0, , ,04/16/1985,1459,35.45,-77.97, , ,"","",425
10091257,NEW HANOVER CO., ,04/16/1985,1507,Hail,1.00, ,0,0,0,0,NC,CST, , ,C,129,AT,0,0, , ,0,0,0, ,0, , ,04/16/1985,1507,34.35,-77.90, , ,"","",426
10091258,EDGECOMBE CO., ,04/16/1985,1600,Hail,1.00, ,0,0,0,0,NC,CST, , ,C,65,AT,0,0, , ,0,0,0, ,0, , ,04/16/1985,1600,36.05,-77.75, , ,"","",427
10091259,NEW HANOVER CO., ,04/16/1985,1609,Hail,.88, ,0,0,0,0,NC,CST, , ,C,129,AT,0,0, , ,0,0,0, ,0, , ,04/16/1985,1609,34.23,-77.93, , ,"","",428
10091260,EDGECOMBE CO., ,04/16/1985,1615,Hail,1.75, ,0,0,0,0,NC,CST, , ,C,65,AT,0,0, , ,0,0,0, ,0, , ,04/16/1985,1615,35.93,-77.68, , ,"","",429
10091262,SURRY CO., ,05/15/1985,1300,Hail,.75, ,0,0,0,0,NC,CST, , ,C,171,AT,0,0, , ,0,0,0, ,0, , ,05/15/1985,1300,36.53,-80.87, , ,"","",430
10091263,LINCOLN CO., ,05/15/1985,1328,Hail,.75, ,0,0,0,0,NC,CST, , ,C,109,AT,0,0, , ,0,0,0, ,0, , ,05/15/1985,1328,35.47,-81.27, , ,"","",431
10091266,SURRY CO., ,05/15/1985,1415,Hail,.75, ,0,0,0,0,NC,CST, , ,C,171,AT,0,0, , ,0,0,0, ,0, , ,05/15/1985,1415,36.40,-80.72, , ,"","",432
10091269,IREDELL CO., ,05/15/1985,1440,Hail,.75, ,0,0,0,0,NC,CST, , ,C,97,AT,0,0, , ,0,0,0, ,0, , ,05/15/1985,1440,35.78,-80.90, , ,"","",433
10091270,ROWAN CO., ,05/15/1985,1450,Hail,.75, ,0,0,0,0,NC,CST, , ,C,159,AT,0,0, , ,0,0,0, ,0, , ,05/15/1985,1450,35.75,-80.68, , ,"","",434
10091273,GUILFORD CO., ,05/15/1985,1625,Hail,.75, ,0,0,0,0,NC,CST, , ,C,81,AT,0,0, , ,0,0,0, ,0, , ,05/15/1985,1625,36.10,-79.95, , ,"","",435
10091275,CLEVELAND CO., ,05/15/1985,1853,Hail,.75, ,0,0,0,0,NC,CST, , ,C,45,AT,0,0, , ,0,0,0, ,0, , ,05/15/1985,1853,35.25,-81.68, , ,"","",436
10091276,CLEVELAND CO., ,05/15/1985,1920,Hail,.75, ,0,0,0,0,NC,CST, , ,C,45,AT,0,0, , ,0,0,0, ,0, , ,05/15/1985,1920,35.30,-81.55, , ,"","",437
10091278,MECKLENBURG CO., ,05/15/1985,2110,Hail,.75, ,0,0,0,0,NC,CST, , ,C,119,AT,0,0, , ,0,0,0, ,0, , ,05/15/1985,2110,35.15,-80.95, , ,"","",438
10087883,MECKLENBURG CO., ,05/15/1985,2125,Hail,1.00, ,0,0,0,0,NC,CST, , ,C,119,AT,0,0, , ,0,0,0, ,0, , ,05/15/1985,2125,35.23,-80.85, , ,"","",439
10087887,COLUMBUS CO., ,05/16/1985,1240,Hail,1.00, ,0,0,0,0,NC,CST, , ,C,47,AT,0,0, , ,0,0,0, ,0, , ,05/16/1985,1240,34.32,-79.00, , ,"","",440
10087888,COLUMBUS CO., ,05/16/1985,1422,Hail,.75, ,0,0,0,0,NC,CST, , ,C,47,AT,0,0, , ,0,0,0, ,0, , ,05/16/1985,1422,34.15,-78.88, , ,"","",441
10087889,CUMBERLAND CO., ,05/16/1985,1445,Hail,.75, ,0,0,0,0,NC,CST, , ,C,51,R,0,0, , ,0,0,0, ,0, , ,05/16/1985,1445,35.17,-79.00, , ,"","",442
10087890,HOKE CO., ,05/16/1985,1445,Hail,.75, ,0,0,0,0,NC,CST, , ,C,93,AT,0,0, , ,0,0,0, ,0, , ,05/16/1985,1445,35.18,-79.22, , ,"","",443
10087891,CUMBERLAND CO., ,05/16/1985,1500,Hail,1.25, ,0,0,0,0,NC,CST, , ,C,51,AT,0,0, , ,0,0,0, ,0, , ,05/16/1985,1500,34.97,-78.95, , ,"","",444
10087892,ROBESON CO., ,05/16/1985,1510,Hail,.75, ,0,0,0,0,NC,CST, , ,C,155,AT,0,0, , ,0,0,0, ,0, , ,05/16/1985,1510,34.85,-79.13, , ,"","",445
10087893,ROBESON CO., ,05/16/1985,1530,Hail,.88, ,0,0,0,0,NC,CST, , ,C,155,AT,0,0, , ,0,0,0, ,0, , ,05/16/1985,1530,34.82,-79.18, , ,"","",446
10087894,BRUNSWICK CO., ,05/16/1985,1607,Hail,1.00, ,0,0,0,0,NC,CST, , ,C,19,AT,0,0, , ,0,0,0, ,0, , ,05/16/1985,1607,34.07,-78.15, , ,"","",447
10087896,MECKLENBURG CO., ,05/16/1985,1900,Hail,1.00, ,0,0,0,0,NC,CST, , ,C,119,NG,0,0, , ,0,0,0, ,0, , ,05/16/1985,1900,35.23,-80.85, , ,"","",448
10087897,MECKLENBURG CO., ,05/16/1985,1923,Hail,1.00, ,0,0,0,0,NC,CST, , ,C,119,AT,0,0, , ,0,0,0, ,0, , ,05/16/1985,1923,35.08,-80.90, , ,"","",449
10087898,MECKLENBURG CO., ,05/16/1985,1949,Hail,1.00, ,0,0,0,0,NC,CST, , ,C,119,AT,0,0, , ,0,0,0, ,0, , ,05/16/1985,1949,35.23,-80.95, , ,"","",450
10087899,CARTERET CO., ,05/17/1985,1351,Hail,1.75, ,0,0,0,0,NC,CST, , ,C,31,R,0,0, , ,0,0,0, ,0, , ,05/17/1985,1351,34.75,-76.88, , ,"","",451
10087900,CARTERET CO., ,05/17/1985,1430,Hail,.75, ,0,0,0,0,NC,CST, , ,C,31,R,0,0, , ,0,0,0, ,0, , ,05/17/1985,1430,34.70,-76.73, , ,"","",452
10087901,COLUMBUS CO., ,05/17/1985,1520,Hail,.75, ,0,0,0,0,NC,CST, , ,C,47,NG,0,0, , ,0,0,0, ,0, , ,05/17/1985,1520,34.20,-78.82, , ,"","",453
10087905,CUMBERLAND CO., ,05/22/1985,1435,Hail,.75, ,0,0,0,0,NC,CST, , ,C,51,AT,0,0, , ,0,0,0, ,0, , ,05/22/1985,1435,35.17,-79.00, , ,"","",454
10087906,SAMPSON CO., ,05/22/1985,1456,Hail,.75, ,0,0,0,0,NC,CST, , ,C,163,AT,0,0, , ,0,0,0, ,0, , ,05/22/1985,1456,34.80,-78.32, , ,"","",455
10087907,YADKIN CO., ,05/22/1985,1500,Hail,1.00, ,0,0,0,0,NC,CST, , ,C,197,R,0,0, , ,0,0,0, ,0, , ,05/22/1985,1500,36.13,-80.67, , ,"","",456
10087909,WILKES CO., ,05/22/1985,1500,Hail,1.00, ,0,0,0,0,NC,CST, , ,C,193,AT,0,0, , ,0,0,0, ,0, , ,05/22/1985,1500,36.25,-81.17, , ,"","",457
10087908,SURRY CO., ,05/22/1985,1500,Hail,1.00, ,0,0,0,0,NC,CST, , ,C,171,R,0,0, , ,0,0,0, ,0, , ,05/22/1985,1500,36.32,-80.87, , ,"","",458
10087910,BLADEN CO., ,05/22/1985,1530,Hail,.75, ,0,0,0,0,NC,CST, , ,C,17,AT,0,0, , ,0,0,0, ,0, , ,05/22/1985,1530,34.72,-78.62, , ,"","",459
10087911,DUPLIN CO., ,05/22/1985,1542,Hail,1.75, ,0,0,0,0,NC,CST, , ,C,61,AT,0,0, , ,0,0,0, ,0, , ,05/22/1985,1542,34.88,-78.05, , ,"","",460
10087912,SAMPSON CO., ,05/22/1985,1620,Hail,.75, ,0,0,0,0,NC,CST, , ,C,163,AT,0,0, , ,0,0,0, ,0, , ,05/22/1985,1620,34.78,-78.40, , ,"","",461
10087914,GUILFORD CO., ,05/22/1985,1700,Hail,2.50, ,0,0,0,0,NC,CST, , ,C,81,R,0,0, , ,0,0,0, ,0, , ,05/22/1985,1700,36.07,-79.80, , ,"","",462
10087917,RANDOLPH CO., ,05/22/1985,1800,Hail,1.00, ,0,0,0,0,NC,CST, , ,C,151,AT,0,0, , ,0,0,0, ,0, , ,05/22/1985,1800,35.92,-79.97, , ,"","",463
10087916,ALAMANCE CO., ,05/22/1985,1800,Hail,2.00, ,0,0,0,0,NC,CST, , ,C,1,R,0,0, , ,0,0,0, ,0, , ,05/22/1985,1800,35.95,-79.38, , ,"","",464
10087918,ALAMANCE CO., ,05/22/1985,1817,Hail,.75, ,0,0,0,0,NC,CST, , ,C,1,MT,0,0, , ,0,0,0, ,0, , ,05/22/1985,1817,36.03,-79.33, , ,"","",465
10087919,ORANGE CO., ,05/22/1985,1900,Hail,1.00, ,0,0,0,0,NC,CST, , ,C,135,AT,0,0, , ,0,0,0, ,0, , ,05/22/1985,1900,36.08,-79.12, , ,"","",466
10087921,ORANGE CO., ,05/22/1985,1915,Hail,1.75, ,0,0,0,0,NC,CST, , ,C,135,AT,0,0, , ,0,0,0, ,0, , ,05/22/1985,1915,35.92,-79.07, , ,"","",467
10087928,ORANGE CO., ,05/23/1985,2010,Hail,.88, ,0,0,0,0,NC,CST, , ,C,135,AT,0,0, , ,0,0,0, ,0, , ,05/23/1985,2010,36.08,-79.12, , ,"","",468
10087937,ROCKINGHAM CO., ,06/03/1985,1400,Hail,1.00, ,0,0,0,0,NC,CST, , ,C,157,AT,0,0, , ,0,0,0, ,0, , ,06/03/1985,1400,36.37,-79.67, , ,"","",469
10087939,GUILFORD CO., ,06/03/1985,1445,Hail,1.00, ,0,0,0,0,NC,CST, , ,C,81,AT,0,0, , ,0,0,0, ,0, , ,06/03/1985,1445,36.07,-79.80, , ,"","",470
10087940,GASTON CO., ,06/03/1985,1715,Hail,.75, ,0,0,0,0,NC,CST, , ,C,71,AT,0,0, , ,0,0,0, ,0, , ,06/03/1985,1715,35.22,-81.15, , ,"","",471
10087941,RUTHERFORD CO., ,06/04/1985,1715,Hail,.75, ,0,0,0,0,NC,CST, , ,C,161,AT,0,0, , ,0,0,0, ,0, , ,06/04/1985,1715,35.38,-81.92, , ,"","",472
10087942,BERTIE CO., ,06/04/1985,1715,Hail,1.75, ,0,0,0,0,NC,CST, , ,C,15,AT,0,0, , ,0,0,0, ,0, , ,06/04/1985,1715,36.00,-76.95, , ,"","",473
10087943,GATES CO., ,06/04/1985,1730,Hail,1.75, ,0,0,0,0,NC,CST, , ,C,73,AT,0,0, , ,0,0,0, ,0, , ,06/04/1985,1730,36.43,-76.85, , ,"","",474
10087945,GATES CO., ,06/04/1985,1745,Hail,3.50, ,0,0,0,0,NC,CST, , ,C,73,R,0,0, , ,0,0,0, ,0, , ,06/04/1985,1745,36.45,-76.80, , ,"","",475
10087946,HERTFORD CO., ,06/04/1985,1800,Hail,1.00, ,0,0,0,0,NC,CST, , ,C,91,AT,0,0, , ,0,0,0, ,0, , ,06/04/1985,1800,36.30,-76.80, , ,"","",476
10087950,SURRY CO., ,06/04/1985,1800,Hail,2.75, ,0,0,0,0,NC,CST, , ,C,171,AT,0,0, , ,0,0,0, ,0, , ,06/04/1985,1800,36.50,-80.72, , ,"","",477
10087949,CHOWAN CO., ,06/04/1985,1800,Hail,2.75, ,0,0,0,0,NC,CST, , ,C,41,AT,0,0, , ,0,0,0, ,0, , ,06/04/1985,1800,36.18,-76.68, , ,"","",478
10087948,POLK CO., ,06/04/1985,1800,Hail,2.75, ,0,0,0,0,NC,CST, , ,C,149,AT,0,0, , ,0,0,0, ,0, , ,06/04/1985,1800,35.28,-82.12, , ,"","",479
10087947,GASTON CO., ,06/04/1985,1800,Hail,1.75, ,0,0,0,0,NC,CST, , ,C,71,AT,0,0, , ,0,0,0, ,0, , ,06/04/1985,1800,35.22,-81.15, , ,"","",480
10087953,MECKLENBURG CO., ,06/04/1985,1835,Hail,2.75, ,0,0,0,0,NC,CST, , ,C,119,AT,0,0, , ,0,0,0, ,0, , ,06/04/1985,1835,35.13,-80.82, , ,"","",481
10089015,CHOWAN CO., ,06/04/1985,1925,Hail,1.50, ,0,0,0,0,NC,CST, , ,C,41,MT,0,0, , ,0,0,0, ,0, , ,06/04/1985,1925,36.07,-76.62, , ,"","",482
10089017,CABARRUS CO., ,06/04/1985,2000,Hail,1.75, ,0,0,0,0,NC,CST, , ,C,25,AT,0,0, , ,0,0,0, ,0, , ,06/04/1985,2000,35.47,-80.63, , ,"","",483
10089019,MECKLENBURG CO., ,06/04/1985,2005,Hail,1.75, ,0,0,0,0,NC,CST, , ,C,119,AT,0,0, , ,0,0,0, ,0, , ,06/04/1985,2005,35.32,-80.82, , ,"","",484
10089020,ROWAN CO., ,06/04/1985,2010,Hail,1.75, ,0,0,0,0,NC,CST, , ,C,159,AT,0,0, , ,0,0,0, ,0, , ,06/04/1985,2010,35.77,-80.60, , ,"","",485
10089022,ROWAN CO., ,06/04/1985,2030,Hail,2.75, ,0,0,0,0,NC,CST, , ,C,159,AT,0,0, , ,0,0,0, ,0, , ,06/04/1985,2030,35.57,-80.48, , ,"","",486
10089024,DAVIDSON CO., ,06/04/1985,2040,Hail,1.75, ,0,0,0,0,NC,CST, , ,C,57,AT,0,0, , ,0,0,0, ,0, , ,06/04/1985,2040,35.75,-80.32, , ,"","",487
10089026,RANDOLPH CO., ,06/04/1985,2145,Hail,1.75, ,0,0,0,0,NC,CST, , ,C,151,AT,0,0, , ,0,0,0, ,0, , ,06/04/1985,2145,35.88,-79.98, , ,"","",488
10089027,GASTON CO., ,06/04/1985,2150,Hail,1.00, ,0,0,0,0,NC,CST, , ,C,71,AT,0,0, , ,0,0,0, ,0, , ,06/04/1985,2150,35.28,-81.28, , ,"","",489
10089029,RANDOLPH CO., ,06/04/1985,2225,Hail,2.75, ,0,0,0,0,NC,CST, , ,C,151,AT,0,0, , ,0,0,0, ,0, , ,06/04/1985,2225,35.85,-79.58, , ,"","",490
10089028,RANDOLPH CO., ,06/04/1985,2225,Hail,2.75, ,0,0,0,0,NC,CST, , ,C,151,AT,0,0, , ,0,0,0, ,0, , ,06/04/1985,2225,35.87,-79.92, , ,"","",491
10089033,ORANGE CO., ,06/04/1985,2322,Hail,1.75, ,0,0,0,0,NC,CST, , ,C,135,AT,0,0, , ,0,0,0, ,0, , ,06/04/1985,2322,35.92,-79.07, , ,"","",492
10089034,SURRY CO., ,06/05/1985,1300,Hail,3.00, ,0,0,0,0,NC,CST, , ,C,171,AT,0,0, , ,0,0,0, ,0, , ,06/05/1985,1300,36.45,-80.68, , ,"","",493
10089035,SURRY CO., ,06/05/1985,1335,Hail,1.50, ,0,0,0,0,NC,CST, , ,C,171,AT,0,0, , ,0,0,0, ,0, , ,06/05/1985,1335,36.48,-80.58, , ,"","",494
10089039,STOKES CO., ,06/05/1985,1450,Hail,1.75, ,0,0,0,0,NC,CST, , ,C,169,AT,0,0, , ,0,0,0, ,0, , ,06/05/1985,1450,36.30,-80.15, , ,"","",495
10089040,FORSYTH CO., ,06/05/1985,1550,Hail,.75, ,0,0,0,0,NC,CST, , ,C,67,AT,0,0, , ,0,0,0, ,0, , ,06/05/1985,1550,36.10,-80.25, , ,"","",496
10089042,GUILFORD CO., ,06/05/1985,1555,Hail,1.25, ,0,0,0,0,NC,CST, , ,C,81,AT,0,0, , ,0,0,0, ,0, , ,06/05/1985,1555,36.07,-79.80, , ,"","",497
10089044,CATAWBA CO., ,06/05/1985,1619,Hail,1.00, ,0,0,0,0,NC,CST, , ,C,35,AT,0,0, , ,0,0,0, ,0, , ,06/05/1985,1619,35.70,-81.22, , ,"","",498
10089046,IREDELL CO., ,06/05/1985,1630,Hail,.75, ,0,0,0,0,NC,CST, , ,C,97,AT,0,0, , ,0,0,0, ,0, , ,06/05/1985,1630,35.78,-80.90, , ,"","",499
10089048,CATAWBA CO., ,06/05/1985,1649,Hail,1.00, ,0,0,0,0,NC,CST, , ,C,35,AT,0,0, , ,0,0,0, ,0, , ,06/05/1985,1649,35.72,-81.15, , ,"","",500
